id,song,artist,week,valence,track_id,lyrics
46,Чути гімн,SKOFKA,2023-01-06,0.422,4Yzlz45QgjUKZmN2KrK4AP,
47,Там у тополі,"Artem Pivovarov, NK",2023-01-06,0.655,4TP5hCUeQ6QwYzPkTfxG6G,
48,Щоб не було,DOROFEEVA,2023-01-06,0.381,7krNeHssTmY3ijTox4OBbD,
49,ЗА ДЕНЬГИ ДА,INSTASAMKA,2023-01-06,0.314,4PGzoH4hL1vORGOTxHdWjB,
50,Stefania (Kalush Orchestra),"KALUSH, Kalush Orchestra",2023-01-06,0.324,2vHzOWRKYPLu8umRPIFuOq,
51,Гарно так,CHEEV,2023-01-06,0.798,3yRDM5tBS7H8HG64y3x9kw,
52,Монро,Slavik Pogosov,2023-01-06,0.118,5sQpS3fyw6VBpPioNlrCn1,
53,Батьківщина,"SKOFKA, KALUSH",2023-01-06,0.502,33s2G0h9EOdyaKlKr15ngE,
54,Рандеву,Artem Pivovarov,2023-01-06,0.684,3R02XSW0lDknR5ZVFiTVrc,
55,High Come Down,Chico & Coolwadda,2023-01-06,0.667,4gc19xZ8SvONdW6ZVHlYSO,
56,Вишнi,Wellboy,2023-01-06,0.635,1xHs6PLjlvqihewyitoP3A,
57,Біля серця,KOLA,2023-01-06,0.598,20SSuP71R4A88qHQu4BKY6,
58,Вечорниці - Добрий день Everybody,"100лиця, SKYLERR",2023-01-06,0.336,64Qnw6jO2dnkjV9una5peq,
59,Додому,Wellboy,2023-01-06,0.219,6gtK39SLszESqJFu2SkId3,
60,Чекає вдома (feat. DOVI),"YAKTAK, DOVI",2023-01-06,0.702,5F9CLUvuRyku0ZdT4ljPQt,
61,"Ти щаслива будеш - Гай, зелений гай",Dima PROKOPOV,2023-01-06,0.492,2TTuBKeQWoukafWDPufIlq,
62,Bloody Mary,Lady Gaga,2023-01-06,0.432,11BKm0j4eYoCPPpCONAVwA,
63,Voin,"YARMAK, TARABAROVA",2023-01-06,0.358,6mxPj26zVw51cqeRxxNOed,
64,Який ти козак,"Анна Трінчер, POSITIFF",2023-01-06,0.463,56jFeULddnrAOxtlLmTCFC,
65,Ой на горі,Artem Pivovarov,2023-01-06,0.469,1kTtW9kzGGxbQISdhe8pzG,
66,Ванька-Встанька,Маша Кондратенко,2023-01-06,0.62,00ZFbk7oYrtx8nup5y58BO,
67,Won't Forget You (Edit),Shouse,2023-01-06,0.555,3I10tZ5MgEMo4WryCNJkZQ,
68,"How Long - From""Euphoria"" An HBO Original Series",Tove Lo,2023-01-06,0.468,05eZlxyjbkHMPCnunUasCS,
69,MIDDLE OF THE NIGHT,Elley Duhé,2023-01-06,0.0899,58HvfVOeJY7lUuCqF0m3ly,
70,In The Shadows Of Ukraine (feat. The Rasmus),"KALUSH, Kalush Orchestra, The Rasmus",2023-01-06,0.758,5dSOtyf70O6fG1xm4xFeTD,
71,Shot a friend,Holy Molly,2023-01-06,0.463,27yUNsQo2CPPokNw69M23X,
72,Not About Us - Byjoelmichael Remix,"Alis Shuka, Byjoelmichael",2023-01-06,0.348,4iwY29UTTw5N9ZGtMsAqCF,
73,Hypnotized,"Purple Disco Machine, Sophie and the Giants",2023-01-06,0.707,7HxWZggiHyGWT9ZSmWzcxu,
74,Кришталь,NK,2023-01-06,0.609,1ixJTPRUzQfa7a1wwhLs9B,
75,МОЯ КРАЇНА,"YARMAK, Tof",2023-01-06,0.395,3ND8vamqbTuI1QDhoP6ekH,
76,Враже (енджі крейда cover),Damidas,2023-01-06,0.12,0ekzVQWGaD6oHBINV8JY5h,
77,По барам,ANNA ASTI,2023-01-06,0.428,4zOLAk87gHl97sbqmntbJG,
78,Незламна,ЛЮСЯ КАВА,2023-01-06,0.276,3uFBrdXhDkmuN6xxUgS9rs,
79,Не забудем і не пробачим,SKOFKA,2023-01-06,0.543,6KvQKU21c1ZGEoOajKfim0,
80,Зай - Shnaps Remix,"Анна Трінчер, Shnaps",2023-01-06,0.678,04M7w39gAe2CUkf9AXJKCZ,
81,КАК MOMMY,INSTASAMKA,2023-01-06,0.386,0R848ny5sEpVuR1tMXZNFr,
82,"Там, де",Ivan NAVI,2023-01-06,0.814,3mYqEtddAhUoLHkPLdARQn,
83,Силуети,"SadSvit, СТРУКТУРА ЩАСТЯ",2023-01-06,0.387,61BaxM1NIcadLu3gtWm2uT,
84,Unholy (feat. Kim Petras),"Sam Smith, Kim Petras",2023-01-06,0.238,3nqQXoyQOWXiESFLlDF1hG,
85,As It Was,Harry Styles,2023-01-06,0.662,4Dvkj6JhhA12EX05fT7y2e,
86,Враже (енджі крейда cover),Damidas,2023-01-06,0.12,0ekzVQWGaD6oHBINV8JY5h,
87,Сіґеле-міґеле,NAZVA,2023-01-06,0.118,6Xa97kTbaQKlf0KMTY2qGJ,
88,Моя Украïна,"TamerlanAlena, Andi Vax",2023-01-06,0.442,5vmTyrE2mSg9wvAFNLRaOr,
89,Воїни світла,Lyapis Trubetskoy,2023-01-06,0.403,64hFcUEAhSODWUm4ZtqEaH,
90,MMM,Minelli,2023-01-06,0.661,2wtjKTnfYimgKi9cPxPBPV,
91,Alugalug Cat (Symphonic Mashup),The Kiffness,2023-01-06,0.519,4V9kve9oiv2k4zyY0JEwqP,
92,Пробач,YAKTAK,2023-01-06,0.134,5pN1b9d11LxVNg24kIvyiE,
93,Мрієшся,CHEEV,2023-01-06,0.326,6BGf2maOpSS5aznYkv9BfR,
94,Стиль,Wellboy,2023-01-06,0.836,6JQ35ZJlMD79PcTKGzuABl,
95,METAMORPHOSIS - Sped Up,INTERWORLD,2023-01-06,0.136,6MlIIJwO4FxnOlrpOrS4hU,
96,Коли закінчиться війна,Юлія Думанська,2023-01-06,0.42,7AoqkFb8XszXNoXtODKAwO,
97,Доброго вечора - Where Are You From,PROBASS ∆ HARDI,2023-01-06,0.406,0O3TZYgwaRadNprRONZ7iX,
98,Кружит,MONATIK,2023-01-06,0.694,2MvXw1lGFDRasfQviQptIh,
99,Марічка,Patsyki Z Franeka,2023-01-06,0.466,2WoksKIDPQ8o90cqDbgE7L,
100,Ты так красива,Quest Pistols,2023-01-06,0.785,73O5XIJJGhN7oFqkhffMi1,
101,Моя країна,Arsen Mirzoyan,2023-01-06,0.513,1MBiKjChdXChGDwxJxm9ib,
102,Пес Патрон,Karta Svitu,2023-01-06,0.947,1D3rciTrWK2SgwjQrGZntM,
103,Живи,YULIYA ROZNEN,2023-01-06,0.255,4gAftAo7JKij3ubl7iLQEZ,
104,Ворогів на ножі,Wellboy,2023-01-06,0.622,38sNsooZ7WRWAZkQnpHZcG,
105,Пишу тобі листа - Rap Edition,"Ivan NAVI, ХАС",2023-01-06,0.422,48xn7zMEnr2goU2WX0Njn3,
106,Квіти мінних зон,Okean Elzy,2023-01-06,0.427,6RSoNbRPI3DY0NICU0xL8L,
107,Цей сон - Radio Edit,"Леся Нікітюк, Степан Гіга",2023-01-06,0.627,3T5Fm5kBmenqaVCCwc2Cov,
108,Полярная звездa - Filatov & Karas Remix,"MOSOVICH, Batrai, Filatov & Karas",2023-01-06,0.907,46CPY2i0y8Edo9ljHwAjNQ,
109,"Колядуй, Україно!","Роман Скорпіон, Yuriana",2023-01-06,0.963,5la5HUcbsqQvy5Cy9U8ze7,
110,Моя хулиганка,Xolidayboy,2023-01-06,0.374,5waJ2AZCEWt9mJPFBwvZp2,
111,Окупанту,MBreeze,2023-01-06,0.968,09NXCjWIBMQDQLOv6AMyDN,
112,Another Love,Tom Odell,2023-01-06,0.131,3JvKfv6T31zO0ini8iNItO,
113,Heart of Steel,TVORCHI,2023-01-06,0.338,155yInH5aDNEI1MkcX6NNk,
114,Чи разом?,KOLA,2023-01-06,0.228,1DgLyjvwcodlM0KbaffvHc,
115,Where Did You Go? (feat. MNEK),"Jax Jones, MNEK",2023-01-06,0.502,3sa06xVNmLLYIxdNNmVQN8,
116,All I Want for Christmas Is You,Mariah Carey,2023-01-06,0.64,7iKRL1F3m4t4dkMponnD0P,
117,Маніфест,Artem Pivovarov,2023-01-06,0.422,0pWMr82unREASQGFJrrI5S,
118,Чорне і біле,ZOZULYA,2023-01-06,0.139,7inT18SoRHT6PEE0F9J8Xs,
119,Гуляли,KOZAK SIROMAHA,2023-01-06,0.675,6xnczQ0seXKiu4sPnYEyui,
120,Добрий день Everybody,"Мюслі UA, VASIA CHARISMA",2023-01-06,0.572,7xIlDDAM1RpASn4o16S2F3,
121,The Motto - Robert Georgescu & White Remix,"Tiësto, Ava Max, Robert Georgescu & White",2023-01-06,0.828,6jiiZursE0NfrjmThWe8f6,
122,SHUM,Go_A,2023-01-06,0.503,29bhnde7Gvnp7rvY9zsq5S,
123,"Хай Ісус, мале дитя",Iryna Fedyshyn,2023-01-06,0.96,7zBJnR6VmOWi5KqSC3YSKH,
124,В дорогу,SKOFKA,2023-01-06,0.605,5kbgubYr6PK4NRy1bfAVdH,
125,Україна колядує,Iryna Fedyshyn,2023-01-06,0.89,6vtR8t2zsYjY9nTwYE6j1X,
126,SPIT IN MY FACE!,ThxSoMch,2023-01-06,0.649,1N8TTK1Uoy7UvQNUazfUt5,
127,My Only Wish (This Year),Britney Spears,2023-01-06,0.702,0YWUHZPJVg4iujddsJDwhM,
128,Я Солдат - 2022 UA Version – Sobi Remix,"Serhii Babkin, Sobi",2023-01-06,0.314,3bPxgtekvuyDAOqzTUXCOL,
129,Mockingbird,Eminem,2023-01-06,0.254,561jH07mF1jHuk7KlaeF0s,
130,Свята Джавеліна,TaRuta,2023-01-06,0.967,3QhPhr3hTKp8e07xKpulWz,
131,БАТЬКО НАШ БАНДЕРА,"GLOVA, MANIN, GOVORUN",2023-01-06,0.788,7eLDFivWlXy3iA1iVVVSts,
132,2step (feat. Antytila),"Ed Sheeran, Antytila",2023-01-06,0.599,0EgNmGWjnYm3FMyaOW5xsM,
133,Чарівні очі,Olya Polyakova,2023-01-06,0.684,6zrQ9NL6I75I4SA0ADYLyY,
134,У мене немає дому,Odyn v Kanoe,2023-01-06,0.423,4GC6tlXcAsyp4pNrlyo1pb,
135,рускій давай біжи швидше,"Bakun, VARASH",2023-01-06,0.187,01UoJfWOWh29VZZFwb8Lt5,
136,Rampampam,Minelli,2023-01-06,0.437,1esZgaqm0YKN87CIP3orJ3,
137,As It Was,Harry Styles,2023-01-06,0.662,4Dvkj6JhhA12EX05fT7y2e,
138,Плакала Калина - Shnaps Remix,"POLINA DASHKOVA, Shnaps",2023-01-06,0.429,7LpHw8Kojwnca4GdcD1Xxq,
139,Українська лють - Bella Ciao Cover,Khrystyna Soloviy,2023-01-06,0.897,7ymubBfbELCd9Zwt1oOztV,
140,Чути гімн,SKOFKA,2023-01-13,0.422,4Yzlz45QgjUKZmN2KrK4AP,
141,Там у тополі,"Artem Pivovarov, NK",2023-01-13,0.655,4TP5hCUeQ6QwYzPkTfxG6G,
142,Щоб не було,DOROFEEVA,2023-01-13,0.381,7krNeHssTmY3ijTox4OBbD,
143,Flowers,Miley Cyrus,2023-01-13,0.632,7DSAEUvxU8FajXtRloy8M0,
144,Stefania (Kalush Orchestra),"KALUSH, Kalush Orchestra",2023-01-13,0.324,2vHzOWRKYPLu8umRPIFuOq,
145,Гарно так,CHEEV,2023-01-13,0.798,3yRDM5tBS7H8HG64y3x9kw,
146,ЗА ДЕНЬГИ ДА,INSTASAMKA,2023-01-13,0.314,4PGzoH4hL1vORGOTxHdWjB,
147,Батьківщина,"SKOFKA, KALUSH",2023-01-13,0.502,33s2G0h9EOdyaKlKr15ngE,
148,Біля серця,KOLA,2023-01-13,0.598,20SSuP71R4A88qHQu4BKY6,
149,Рандеву,Artem Pivovarov,2023-01-13,0.684,3R02XSW0lDknR5ZVFiTVrc,
150,Вишнi,Wellboy,2023-01-13,0.635,1xHs6PLjlvqihewyitoP3A,
151,High Come Down,Chico & Coolwadda,2023-01-13,0.667,4gc19xZ8SvONdW6ZVHlYSO,
152,Чекає вдома (feat. DOVI),"YAKTAK, DOVI",2023-01-13,0.702,5F9CLUvuRyku0ZdT4ljPQt,
153,Монро,Slavik Pogosov,2023-01-13,0.118,5sQpS3fyw6VBpPioNlrCn1,
154,Додому,Wellboy,2023-01-13,0.219,6gtK39SLszESqJFu2SkId3,
155,Вечорниці - Добрий день Everybody,"100лиця, SKYLERR",2023-01-13,0.336,64Qnw6jO2dnkjV9una5peq,
156,Won't Forget You (Edit),Shouse,2023-01-13,0.555,3I10tZ5MgEMo4WryCNJkZQ,
157,Not About Us - Byjoelmichael Remix,"Alis Shuka, Byjoelmichael",2023-01-13,0.348,4iwY29UTTw5N9ZGtMsAqCF,
158,MIDDLE OF THE NIGHT,Elley Duhé,2023-01-13,0.0899,58HvfVOeJY7lUuCqF0m3ly,
159,"Ти щаслива будеш - Гай, зелений гай",Dima PROKOPOV,2023-01-13,0.492,2TTuBKeQWoukafWDPufIlq,
160,Який ти козак,"Анна Трінчер, POSITIFF",2023-01-13,0.463,56jFeULddnrAOxtlLmTCFC,
161,"How Long - From""Euphoria"" An HBO Original Series",Tove Lo,2023-01-13,0.468,05eZlxyjbkHMPCnunUasCS,
162,Shot a friend,Holy Molly,2023-01-13,0.463,27yUNsQo2CPPokNw69M23X,
163,Ой на горі,Artem Pivovarov,2023-01-13,0.469,1kTtW9kzGGxbQISdhe8pzG,
164,Сіґеле-міґеле,NAZVA,2023-01-13,0.118,6Xa97kTbaQKlf0KMTY2qGJ,
165,Враже (енджі крейда cover),Damidas,2023-01-13,0.12,0ekzVQWGaD6oHBINV8JY5h,
166,Voin,"YARMAK, TARABAROVA",2023-01-13,0.358,6mxPj26zVw51cqeRxxNOed,
167,Зай - Shnaps Remix,"Анна Трінчер, Shnaps",2023-01-13,0.678,04M7w39gAe2CUkf9AXJKCZ,
168,In The Shadows Of Ukraine (feat. The Rasmus),"KALUSH, Kalush Orchestra, The Rasmus",2023-01-13,0.758,5dSOtyf70O6fG1xm4xFeTD,
169,Ванька-Встанька,Маша Кондратенко,2023-01-13,0.62,00ZFbk7oYrtx8nup5y58BO,
170,Hypnotized,"Purple Disco Machine, Sophie and the Giants",2023-01-13,0.707,7HxWZggiHyGWT9ZSmWzcxu,
171,Добрий день Everybody,"Мюслі UA, VASIA CHARISMA",2023-01-13,0.572,7xIlDDAM1RpASn4o16S2F3,
172,Маніфест,Artem Pivovarov,2023-01-13,0.422,0pWMr82unREASQGFJrrI5S,
173,МОЯ КРАЇНА,"YARMAK, Tof",2023-01-13,0.395,3ND8vamqbTuI1QDhoP6ekH,
174,Не забудем і не пробачим,SKOFKA,2023-01-13,0.543,6KvQKU21c1ZGEoOajKfim0,
175,Bloody Mary,Lady Gaga,2023-01-13,0.432,11BKm0j4eYoCPPpCONAVwA,
176,У мене немає дому,Odyn v Kanoe,2023-01-13,0.423,4GC6tlXcAsyp4pNrlyo1pb,
177,Незламна,ЛЮСЯ КАВА,2023-01-13,0.276,3uFBrdXhDkmuN6xxUgS9rs,
178,Враже (енджі крейда cover),Damidas,2023-01-13,0.12,0ekzVQWGaD6oHBINV8JY5h,
179,Силуети,"SadSvit, СТРУКТУРА ЩАСТЯ",2023-01-13,0.387,61BaxM1NIcadLu3gtWm2uT,
180,Unholy (feat. Kim Petras),"Sam Smith, Kim Petras",2023-01-13,0.238,3nqQXoyQOWXiESFLlDF1hG,
181,"Там, де",Ivan NAVI,2023-01-13,0.814,3mYqEtddAhUoLHkPLdARQn,
182,MMM,Minelli,2023-01-13,0.661,2wtjKTnfYimgKi9cPxPBPV,
183,КАК MOMMY,INSTASAMKA,2023-01-13,0.386,0R848ny5sEpVuR1tMXZNFr,
184,As It Was,Harry Styles,2023-01-13,0.662,4Dvkj6JhhA12EX05fT7y2e,
185,Пробач,YAKTAK,2023-01-13,0.134,5pN1b9d11LxVNg24kIvyiE,
186,По барам,ANNA ASTI,2023-01-13,0.428,4zOLAk87gHl97sbqmntbJG,
187,Воїни світла,Lyapis Trubetskoy,2023-01-13,0.403,64hFcUEAhSODWUm4ZtqEaH,
188,Моя країна,Arsen Mirzoyan,2023-01-13,0.513,1MBiKjChdXChGDwxJxm9ib,
189,Цей сон - Radio Edit,"Леся Нікітюк, Степан Гіга",2023-01-13,0.627,3T5Fm5kBmenqaVCCwc2Cov,
190,Ты так красива,Quest Pistols,2023-01-13,0.785,73O5XIJJGhN7oFqkhffMi1,
191,Марічка,Patsyki Z Franeka,2023-01-13,0.466,2WoksKIDPQ8o90cqDbgE7L,
192,METAMORPHOSIS - Sped Up,INTERWORLD,2023-01-13,0.136,6MlIIJwO4FxnOlrpOrS4hU,
193,Alugalug Cat (Symphonic Mashup),The Kiffness,2023-01-13,0.519,4V9kve9oiv2k4zyY0JEwqP,
194,Мрієшся,CHEEV,2023-01-13,0.326,6BGf2maOpSS5aznYkv9BfR,
195,Пес Патрон,Karta Svitu,2023-01-13,0.947,1D3rciTrWK2SgwjQrGZntM,
196,Пишу тобі листа - Rap Edition,"Ivan NAVI, ХАС",2023-01-13,0.422,48xn7zMEnr2goU2WX0Njn3,
197,Кришталь,NK,2023-01-13,0.609,1ixJTPRUzQfa7a1wwhLs9B,
198,The Motto - Robert Georgescu & White Remix,"Tiësto, Ava Max, Robert Georgescu & White",2023-01-13,0.828,6jiiZursE0NfrjmThWe8f6,
199,Доброго вечора - Where Are You From,PROBASS ∆ HARDI,2023-01-13,0.406,0O3TZYgwaRadNprRONZ7iX,
200,Стиль,Wellboy,2023-01-13,0.836,6JQ35ZJlMD79PcTKGzuABl,
201,Моя Украïна,"TamerlanAlena, Andi Vax",2023-01-13,0.442,5vmTyrE2mSg9wvAFNLRaOr,
202,Гуляли,KOZAK SIROMAHA,2023-01-13,0.675,6xnczQ0seXKiu4sPnYEyui,
203,Чи разом?,KOLA,2023-01-13,0.228,1DgLyjvwcodlM0KbaffvHc,
204,Cold Heart - PNAU Remix,"Elton John, Dua Lipa, PNAU",2023-01-13,0.942,6zSpb8dQRaw0M1dK8PBwQz,
205,Я Солдат - 2022 UA Version – Sobi Remix,"Serhii Babkin, Sobi",2023-01-13,0.314,3bPxgtekvuyDAOqzTUXCOL,
206,SHUM,Go_A,2023-01-13,0.503,29bhnde7Gvnp7rvY9zsq5S,
207,Українська лють - Bella Ciao Cover,Khrystyna Soloviy,2023-01-13,0.897,7ymubBfbELCd9Zwt1oOztV,
208,Окупанту,MBreeze,2023-01-13,0.968,09NXCjWIBMQDQLOv6AMyDN,
209,КОЗАЦЬКОМУ_РОДУ,Jerry Heil,2023-01-13,0.254,6NePBUCeIGqfnIQag5crC0,
210,Кружит,MONATIK,2023-01-13,0.694,2MvXw1lGFDRasfQviQptIh,
211,Чорне і біле,ZOZULYA,2023-01-13,0.139,7inT18SoRHT6PEE0F9J8Xs,
212,Живи,YULIYA ROZNEN,2023-01-13,0.255,4gAftAo7JKij3ubl7iLQEZ,
213,Моя хулиганка,Xolidayboy,2023-01-13,0.374,5waJ2AZCEWt9mJPFBwvZp2,
214,2step (feat. Antytila),"Ed Sheeran, Antytila",2023-01-13,0.599,0EgNmGWjnYm3FMyaOW5xsM,
215,Mockingbird,Eminem,2023-01-13,0.254,561jH07mF1jHuk7KlaeF0s,
216,Квіти мінних зон,Okean Elzy,2023-01-13,0.427,6RSoNbRPI3DY0NICU0xL8L,
217,Полярная звездa - Filatov & Karas Remix,"MOSOVICH, Batrai, Filatov & Karas",2023-01-13,0.907,46CPY2i0y8Edo9ljHwAjNQ,
218,В дорогу,SKOFKA,2023-01-13,0.605,5kbgubYr6PK4NRy1bfAVdH,
219,Take You Dancing,Jason Derulo,2023-01-13,0.753,59qrUpoplZxbIZxk6X0Bm3,
220,"Дивись, куди ідеш",ТНМК,2023-01-13,0.484,77fqjrFLfJY45lwlehpYcw,
221,"Хто, як не ти?",Khrystyna Soloviy,2023-01-13,0.351,1Re4DWmjTSYymDL3SpRE7c,
222,Плакала Калина - Shnaps Remix,"POLINA DASHKOVA, Shnaps",2023-01-13,0.429,7LpHw8Kojwnca4GdcD1Xxq,
223,Heart of Steel,TVORCHI,2023-01-13,0.338,155yInH5aDNEI1MkcX6NNk,
224,"Добрий ранок, Україно",Нумер 482,2023-01-13,0.579,5YZNLIF1saO6y3T8FaQoom,
225,Дельфіни,"Мята, ХАС",2023-01-13,0.774,7KE6zTJkUlvy3aV1q4zDtf,
226,Where Did You Go? (feat. MNEK),"Jax Jones, MNEK",2023-01-13,0.502,3sa06xVNmLLYIxdNNmVQN8,
227,Невідомий Герой,PTASHKIN,2023-01-13,0.562,0fDfRB7OwD9HU6eXiqY7fY,
228,abcdefu,GAYLE,2023-01-13,0.415,4fouWK6XVHhzl78KzQ1UjL,
229,Свята Джавеліна,TaRuta,2023-01-13,0.967,3QhPhr3hTKp8e07xKpulWz,
230,A Million on My Soul,Alexiane,2023-01-13,0.482,4sqt86PZhalXEu86oInkND,
231,Tdme,Antytila,2023-01-13,0.598,2Pa6q36FP2oAM5q1hFjVSG,
232,My Way,Cassette,2023-01-13,0.438,2iF4dO8fdzKQERSCUJ0TD7,
233,It Don’t Matter - Ekanta Jake Remix,"Alok, Sofi Tukker, INNA, Ekanta Jake",2023-01-13,0.231,2no39Ou4H4EIFhm2h2rIJT,
234,Flowers,Miley Cyrus,2023-01-20,0.632,7DSAEUvxU8FajXtRloy8M0,
235,Чути гімн,SKOFKA,2023-01-20,0.422,4Yzlz45QgjUKZmN2KrK4AP,
236,Там у тополі,"Artem Pivovarov, NK",2023-01-20,0.655,4TP5hCUeQ6QwYzPkTfxG6G,
237,Щоб не було,DOROFEEVA,2023-01-20,0.381,7krNeHssTmY3ijTox4OBbD,
238,Гарно так,CHEEV,2023-01-20,0.798,3yRDM5tBS7H8HG64y3x9kw,
239,Stefania (Kalush Orchestra),"KALUSH, Kalush Orchestra",2023-01-20,0.324,2vHzOWRKYPLu8umRPIFuOq,
240,Біля серця,KOLA,2023-01-20,0.598,20SSuP71R4A88qHQu4BKY6,
241,Додому,Wellboy,2023-01-20,0.219,6gtK39SLszESqJFu2SkId3,
242,Батьківщина,"SKOFKA, KALUSH",2023-01-20,0.502,33s2G0h9EOdyaKlKr15ngE,
243,ЗА ДЕНЬГИ ДА,INSTASAMKA,2023-01-20,0.314,4PGzoH4hL1vORGOTxHdWjB,
244,High Come Down,Chico & Coolwadda,2023-01-20,0.667,4gc19xZ8SvONdW6ZVHlYSO,
245,Вишнi,Wellboy,2023-01-20,0.635,1xHs6PLjlvqihewyitoP3A,
246,Рандеву,Artem Pivovarov,2023-01-20,0.684,3R02XSW0lDknR5ZVFiTVrc,
247,Чекає вдома (feat. DOVI),"YAKTAK, DOVI",2023-01-20,0.702,5F9CLUvuRyku0ZdT4ljPQt,
248,Вечорниці - Добрий день Everybody,"100лиця, SKYLERR",2023-01-20,0.336,64Qnw6jO2dnkjV9una5peq,
249,Монро,Slavik Pogosov,2023-01-20,0.118,5sQpS3fyw6VBpPioNlrCn1,
250,Який ти козак,"Анна Трінчер, POSITIFF",2023-01-20,0.463,56jFeULddnrAOxtlLmTCFC,
251,Shot a friend,Holy Molly,2023-01-20,0.463,27yUNsQo2CPPokNw69M23X,
252,Not About Us - Byjoelmichael Remix,"Alis Shuka, Byjoelmichael",2023-01-20,0.348,4iwY29UTTw5N9ZGtMsAqCF,
253,MIDDLE OF THE NIGHT,Elley Duhé,2023-01-20,0.0899,58HvfVOeJY7lUuCqF0m3ly,
254,Won't Forget You (Edit),Shouse,2023-01-20,0.555,3I10tZ5MgEMo4WryCNJkZQ,
255,"How Long - From""Euphoria"" An HBO Original Series",Tove Lo,2023-01-20,0.468,05eZlxyjbkHMPCnunUasCS,
256,Маніфест,Artem Pivovarov,2023-01-20,0.422,0pWMr82unREASQGFJrrI5S,
257,"Ти щаслива будеш - Гай, зелений гай",Dima PROKOPOV,2023-01-20,0.492,2TTuBKeQWoukafWDPufIlq,
258,Зай - Shnaps Remix,"Анна Трінчер, Shnaps",2023-01-20,0.678,04M7w39gAe2CUkf9AXJKCZ,
259,Добрий день Everybody,"Мюслі UA, VASIA CHARISMA",2023-01-20,0.572,7xIlDDAM1RpASn4o16S2F3,
260,Ой на горі,Artem Pivovarov,2023-01-20,0.469,1kTtW9kzGGxbQISdhe8pzG,
261,Voin,"YARMAK, TARABAROVA",2023-01-20,0.358,6mxPj26zVw51cqeRxxNOed,
262,МОЯ КРАЇНА,"YARMAK, Tof",2023-01-20,0.395,3ND8vamqbTuI1QDhoP6ekH,
263,Hypnotized,"Purple Disco Machine, Sophie and the Giants",2023-01-20,0.707,7HxWZggiHyGWT9ZSmWzcxu,
264,Незламна,ЛЮСЯ КАВА,2023-01-20,0.276,3uFBrdXhDkmuN6xxUgS9rs,
265,Ванька-Встанька,Маша Кондратенко,2023-01-20,0.62,00ZFbk7oYrtx8nup5y58BO,
266,Враже (енджі крейда cover),Damidas,2023-01-20,0.12,0ekzVQWGaD6oHBINV8JY5h,
267,In The Shadows Of Ukraine (feat. The Rasmus),"KALUSH, Kalush Orchestra, The Rasmus",2023-01-20,0.758,5dSOtyf70O6fG1xm4xFeTD,
268,Враже (енджі крейда cover),Damidas,2023-01-20,0.12,0ekzVQWGaD6oHBINV8JY5h,
269,"Там, де",Ivan NAVI,2023-01-20,0.814,3mYqEtddAhUoLHkPLdARQn,
270,Сіґеле-міґеле,NAZVA,2023-01-20,0.118,6Xa97kTbaQKlf0KMTY2qGJ,
271,Пробач,YAKTAK,2023-01-20,0.134,5pN1b9d11LxVNg24kIvyiE,
272,Не забудем і не пробачим,SKOFKA,2023-01-20,0.543,6KvQKU21c1ZGEoOajKfim0,
273,Alugalug Cat (Symphonic Mashup),The Kiffness,2023-01-20,0.519,4V9kve9oiv2k4zyY0JEwqP,
274,Кришталь,NK,2023-01-20,0.609,1ixJTPRUzQfa7a1wwhLs9B,
275,As It Was,Harry Styles,2023-01-20,0.662,4Dvkj6JhhA12EX05fT7y2e,
276,MMM,Minelli,2023-01-20,0.661,2wtjKTnfYimgKi9cPxPBPV,
277,Пес Патрон,Karta Svitu,2023-01-20,0.947,1D3rciTrWK2SgwjQrGZntM,
278,Гуляли,KOZAK SIROMAHA,2023-01-20,0.675,6xnczQ0seXKiu4sPnYEyui,
279,По барам,ANNA ASTI,2023-01-20,0.428,4zOLAk87gHl97sbqmntbJG,
280,Unholy (feat. Kim Petras),"Sam Smith, Kim Petras",2023-01-20,0.238,3nqQXoyQOWXiESFLlDF1hG,
281,Марічка,Patsyki Z Franeka,2023-01-20,0.466,2WoksKIDPQ8o90cqDbgE7L,
282,Бахмут,Spiv Brativ,2023-01-20,0.524,1w8Dgp27eGiKu51jZHFSsZ,
283,Воїни світла,Lyapis Trubetskoy,2023-01-20,0.403,64hFcUEAhSODWUm4ZtqEaH,
284,Цей сон - Radio Edit,"Леся Нікітюк, Степан Гіга",2023-01-20,0.627,3T5Fm5kBmenqaVCCwc2Cov,
285,Доброго вечора - Where Are You From,PROBASS ∆ HARDI,2023-01-20,0.406,0O3TZYgwaRadNprRONZ7iX,
286,Мрієшся,CHEEV,2023-01-20,0.326,6BGf2maOpSS5aznYkv9BfR,
287,Bloody Mary,Lady Gaga,2023-01-20,0.432,11BKm0j4eYoCPPpCONAVwA,
288,Живи,YULIYA ROZNEN,2023-01-20,0.255,4gAftAo7JKij3ubl7iLQEZ,
289,Моя Украïна,"TamerlanAlena, Andi Vax",2023-01-20,0.442,5vmTyrE2mSg9wvAFNLRaOr,
290,Моя країна,Arsen Mirzoyan,2023-01-20,0.513,1MBiKjChdXChGDwxJxm9ib,
291,Infinity,Jaymes Young,2023-01-20,0.494,1SOClUWhOi8vHZYMz3GluK,
292,Квіти мінних зон,Okean Elzy,2023-01-20,0.427,6RSoNbRPI3DY0NICU0xL8L,
293,Силуети,"SadSvit, СТРУКТУРА ЩАСТЯ",2023-01-20,0.387,61BaxM1NIcadLu3gtWm2uT,
294,Окупанту,MBreeze,2023-01-20,0.968,09NXCjWIBMQDQLOv6AMyDN,
295,КОНТРНАСТУП,SHYMAN,2023-01-20,0.61,40QgLaQZLrz8FIVeB472Ld,
296,Пишу тобі листа - Rap Edition,"Ivan NAVI, ХАС",2023-01-20,0.422,48xn7zMEnr2goU2WX0Njn3,
297,Ты так красива,Quest Pistols,2023-01-20,0.785,73O5XIJJGhN7oFqkhffMi1,
298,Кружит,MONATIK,2023-01-20,0.694,2MvXw1lGFDRasfQviQptIh,
299,Чорне і біле,ZOZULYA,2023-01-20,0.139,7inT18SoRHT6PEE0F9J8Xs,
300,КАК MOMMY,INSTASAMKA,2023-01-20,0.386,0R848ny5sEpVuR1tMXZNFr,
301,Cold Heart - PNAU Remix,"Elton John, Dua Lipa, PNAU",2023-01-20,0.942,6zSpb8dQRaw0M1dK8PBwQz,
302,Свята Джавеліна,TaRuta,2023-01-20,0.967,3QhPhr3hTKp8e07xKpulWz,
303,The Motto - Robert Georgescu & White Remix,"Tiësto, Ava Max, Robert Georgescu & White",2023-01-20,0.828,6jiiZursE0NfrjmThWe8f6,
304,Молюся і вірю,"IKSIY, SESTRA, BITZ",2023-01-20,0.547,32EazktY43tJKcjNnWrntm,
305,БАТЬКО НАШ БАНДЕРА,"GLOVA, MANIN, GOVORUN",2023-01-20,0.788,7eLDFivWlXy3iA1iVVVSts,
306,Where Did You Go? (feat. MNEK),"Jax Jones, MNEK",2023-01-20,0.502,3sa06xVNmLLYIxdNNmVQN8,
307,Heart of Steel,TVORCHI,2023-01-20,0.338,155yInH5aDNEI1MkcX6NNk,
308,УКРАЇНА ПОНАД УСЕ,Мюслі UA,2023-01-20,0.239,5qf2pNjkK4vUMfJ9koZzz2,
309,"Як ти, херсоне?",Spiv Brativ,2023-01-20,0.584,6Ulg8SiNJGEg7eDpnEB9aU,
310,Плакала Калина - Shnaps Remix,"POLINA DASHKOVA, Shnaps",2023-01-20,0.429,7LpHw8Kojwnca4GdcD1Xxq,
311,В дорогу,SKOFKA,2023-01-20,0.605,5kbgubYr6PK4NRy1bfAVdH,
312,Я Солдат - 2022 UA Version – Sobi Remix,"Serhii Babkin, Sobi",2023-01-20,0.314,3bPxgtekvuyDAOqzTUXCOL,
313,Невідомий Герой,PTASHKIN,2023-01-20,0.562,0fDfRB7OwD9HU6eXiqY7fY,
314,Rampampam,Minelli,2023-01-20,0.437,1esZgaqm0YKN87CIP3orJ3,
315,Лента за Лентою,ХАС,2023-01-20,0.703,0WcUxXoHhMbDQZxecUGbok,
316,Люди як кораблі,Antytila,2023-01-20,0.418,6iXggLYvLeiccxZq61pl2i,
317,КОЗАЦЬКОМУ_РОДУ,Jerry Heil,2023-01-20,0.254,6NePBUCeIGqfnIQag5crC0,
318,Бий москаля,FIЇNKA,2023-01-20,0.719,5be1bYkrGdqv5wJj84UhDe,
319,Take You Dancing,Jason Derulo,2023-01-20,0.753,59qrUpoplZxbIZxk6X0Bm3,
320,Tdme,Antytila,2023-01-20,0.598,2Pa6q36FP2oAM5q1hFjVSG,
321,Лелека,"MamaRika, YAKTAK",2023-01-20,0.542,13gy7wNdXhofTQyWHK1UbP,
322,Стиль,Wellboy,2023-01-20,0.836,6JQ35ZJlMD79PcTKGzuABl,
323,Ти неймовірна,Quest Pistols,2023-01-20,0.534,7dpget8s2QN51jYbNqVYtG,
324,"Добрий ранок, Україно",Нумер 482,2023-01-20,0.579,5YZNLIF1saO6y3T8FaQoom,
325,Моя хулиганка,Xolidayboy,2023-01-20,0.374,5waJ2AZCEWt9mJPFBwvZp2,
326,інша любов,ENLEO,2023-01-20,0.117,6JrGELYUIbZvBV74j4Q5LN,
327,Flowers,Miley Cyrus,2023-01-27,0.632,7DSAEUvxU8FajXtRloy8M0,
328,Чути гімн,SKOFKA,2023-01-27,0.422,4Yzlz45QgjUKZmN2KrK4AP,
329,Там у тополі,"Artem Pivovarov, NK",2023-01-27,0.655,4TP5hCUeQ6QwYzPkTfxG6G,
330,Щоб не було,DOROFEEVA,2023-01-27,0.381,7krNeHssTmY3ijTox4OBbD,
331,Гарно так,CHEEV,2023-01-27,0.798,3yRDM5tBS7H8HG64y3x9kw,
332,Stefania (Kalush Orchestra),"KALUSH, Kalush Orchestra",2023-01-27,0.324,2vHzOWRKYPLu8umRPIFuOq,
333,Вишнi,Wellboy,2023-01-27,0.635,1xHs6PLjlvqihewyitoP3A,
334,Батьківщина,"SKOFKA, KALUSH",2023-01-27,0.502,33s2G0h9EOdyaKlKr15ngE,
335,Додому,Wellboy,2023-01-27,0.219,6gtK39SLszESqJFu2SkId3,
336,Біля серця,KOLA,2023-01-27,0.598,20SSuP71R4A88qHQu4BKY6,
337,Рандеву,Artem Pivovarov,2023-01-27,0.684,3R02XSW0lDknR5ZVFiTVrc,
338,ЗА ДЕНЬГИ ДА,INSTASAMKA,2023-01-27,0.314,4PGzoH4hL1vORGOTxHdWjB,
339,Чекає вдома (feat. DOVI),"YAKTAK, DOVI",2023-01-27,0.702,5F9CLUvuRyku0ZdT4ljPQt,
340,High Come Down,Chico & Coolwadda,2023-01-27,0.667,4gc19xZ8SvONdW6ZVHlYSO,
341,Монро,Slavik Pogosov,2023-01-27,0.118,5sQpS3fyw6VBpPioNlrCn1,
342,Вечорниці - Добрий день Everybody,"100лиця, SKYLERR",2023-01-27,0.336,64Qnw6jO2dnkjV9una5peq,
343,Not About Us - Byjoelmichael Remix,"Alis Shuka, Byjoelmichael",2023-01-27,0.348,4iwY29UTTw5N9ZGtMsAqCF,
344,Shot a friend,Holy Molly,2023-01-27,0.463,27yUNsQo2CPPokNw69M23X,
345,MIDDLE OF THE NIGHT,Elley Duhé,2023-01-27,0.0899,58HvfVOeJY7lUuCqF0m3ly,
346,Won't Forget You (Edit),Shouse,2023-01-27,0.555,3I10tZ5MgEMo4WryCNJkZQ,
347,Який ти козак,"Анна Трінчер, POSITIFF",2023-01-27,0.463,56jFeULddnrAOxtlLmTCFC,
348,"Ти щаслива будеш - Гай, зелений гай",Dima PROKOPOV,2023-01-27,0.492,2TTuBKeQWoukafWDPufIlq,
349,"How Long - From""Euphoria"" An HBO Original Series",Tove Lo,2023-01-27,0.468,05eZlxyjbkHMPCnunUasCS,
350,Зай - Shnaps Remix,"Анна Трінчер, Shnaps",2023-01-27,0.678,04M7w39gAe2CUkf9AXJKCZ,
351,Ой на горі,Artem Pivovarov,2023-01-27,0.469,1kTtW9kzGGxbQISdhe8pzG,
352,Маніфест,Artem Pivovarov,2023-01-27,0.422,0pWMr82unREASQGFJrrI5S,
353,Voin,"YARMAK, TARABAROVA",2023-01-27,0.358,6mxPj26zVw51cqeRxxNOed,
354,Добрий день Everybody,"Мюслі UA, VASIA CHARISMA",2023-01-27,0.572,7xIlDDAM1RpASn4o16S2F3,
355,Незламна,ЛЮСЯ КАВА,2023-01-27,0.276,3uFBrdXhDkmuN6xxUgS9rs,
356,Hypnotized,"Purple Disco Machine, Sophie and the Giants",2023-01-27,0.707,7HxWZggiHyGWT9ZSmWzcxu,
357,Ванька-Встанька,Маша Кондратенко,2023-01-27,0.62,00ZFbk7oYrtx8nup5y58BO,
358,Враже (енджі крейда cover),Damidas,2023-01-27,0.12,0ekzVQWGaD6oHBINV8JY5h,
359,Infinity,Jaymes Young,2023-01-27,0.494,1SOClUWhOi8vHZYMz3GluK,
360,МОЯ КРАЇНА,"YARMAK, Tof",2023-01-27,0.395,3ND8vamqbTuI1QDhoP6ekH,
361,In The Shadows Of Ukraine (feat. The Rasmus),"KALUSH, Kalush Orchestra, The Rasmus",2023-01-27,0.758,5dSOtyf70O6fG1xm4xFeTD,
362,Доброго вечора - Where Are You From,PROBASS ∆ HARDI,2023-01-27,0.406,0O3TZYgwaRadNprRONZ7iX,
363,Враже (енджі крейда cover),Damidas,2023-01-27,0.12,0ekzVQWGaD6oHBINV8JY5h,
364,Сіґеле-міґеле,NAZVA,2023-01-27,0.118,6Xa97kTbaQKlf0KMTY2qGJ,
365,Не забудем і не пробачим,SKOFKA,2023-01-27,0.543,6KvQKU21c1ZGEoOajKfim0,
366,Мрієшся,CHEEV,2023-01-27,0.326,6BGf2maOpSS5aznYkv9BfR,
367,Марічка,Patsyki Z Franeka,2023-01-27,0.466,2WoksKIDPQ8o90cqDbgE7L,
368,Воїни світла,Lyapis Trubetskoy,2023-01-27,0.403,64hFcUEAhSODWUm4ZtqEaH,
369,"Там, де",Ivan NAVI,2023-01-27,0.814,3mYqEtddAhUoLHkPLdARQn,
370,As It Was,Harry Styles,2023-01-27,0.662,4Dvkj6JhhA12EX05fT7y2e,
371,Пробач,YAKTAK,2023-01-27,0.134,5pN1b9d11LxVNg24kIvyiE,
372,Кришталь,NK,2023-01-27,0.609,1ixJTPRUzQfa7a1wwhLs9B,
373,Unholy (feat. Kim Petras),"Sam Smith, Kim Petras",2023-01-27,0.238,3nqQXoyQOWXiESFLlDF1hG,
374,MMM,Minelli,2023-01-27,0.661,2wtjKTnfYimgKi9cPxPBPV,
375,По барам,ANNA ASTI,2023-01-27,0.428,4zOLAk87gHl97sbqmntbJG,
376,Бахмут,Spiv Brativ,2023-01-27,0.524,1w8Dgp27eGiKu51jZHFSsZ,
377,Alugalug Cat (Symphonic Mashup),The Kiffness,2023-01-27,0.519,4V9kve9oiv2k4zyY0JEwqP,
378,Гуляли,KOZAK SIROMAHA,2023-01-27,0.675,6xnczQ0seXKiu4sPnYEyui,
379,Цей сон - Radio Edit,"Леся Нікітюк, Степан Гіга",2023-01-27,0.627,3T5Fm5kBmenqaVCCwc2Cov,
380,Bloody Mary,Lady Gaga,2023-01-27,0.432,11BKm0j4eYoCPPpCONAVwA,
381,Heart of Steel,TVORCHI,2023-01-27,0.338,155yInH5aDNEI1MkcX6NNk,
382,Живи,YULIYA ROZNEN,2023-01-27,0.255,4gAftAo7JKij3ubl7iLQEZ,
383,Пес Патрон,Karta Svitu,2023-01-27,0.947,1D3rciTrWK2SgwjQrGZntM,
384,Силуети,"SadSvit, СТРУКТУРА ЩАСТЯ",2023-01-27,0.387,61BaxM1NIcadLu3gtWm2uT,
385,Моя країна,Arsen Mirzoyan,2023-01-27,0.513,1MBiKjChdXChGDwxJxm9ib,
386,Пишу тобі листа - Rap Edition,"Ivan NAVI, ХАС",2023-01-27,0.422,48xn7zMEnr2goU2WX0Njn3,
387,Ты так красива,Quest Pistols,2023-01-27,0.785,73O5XIJJGhN7oFqkhffMi1,
388,Чорне і біле,ZOZULYA,2023-01-27,0.139,7inT18SoRHT6PEE0F9J8Xs,
389,Квіти мінних зон,Okean Elzy,2023-01-27,0.427,6RSoNbRPI3DY0NICU0xL8L,
390,Кружит,MONATIK,2023-01-27,0.694,2MvXw1lGFDRasfQviQptIh,
391,КАК MOMMY,INSTASAMKA,2023-01-27,0.386,0R848ny5sEpVuR1tMXZNFr,
392,The Motto - Robert Georgescu & White Remix,"Tiësto, Ava Max, Robert Georgescu & White",2023-01-27,0.828,6jiiZursE0NfrjmThWe8f6,
393,Cold Heart - PNAU Remix,"Elton John, Dua Lipa, PNAU",2023-01-27,0.942,6zSpb8dQRaw0M1dK8PBwQz,
394,As It Was,Harry Styles,2023-01-27,0.662,4Dvkj6JhhA12EX05fT7y2e,
395,В дорогу,SKOFKA,2023-01-27,0.605,5kbgubYr6PK4NRy1bfAVdH,
396,Дельфіни,"Мята, ХАС",2023-01-27,0.774,7KE6zTJkUlvy3aV1q4zDtf,
397,Невідомий Герой,PTASHKIN,2023-01-27,0.562,0fDfRB7OwD9HU6eXiqY7fY,
398,Моя Украïна,"TamerlanAlena, Andi Vax",2023-01-27,0.442,5vmTyrE2mSg9wvAFNLRaOr,
399,Молюся і вірю,"IKSIY, SESTRA, BITZ",2023-01-27,0.547,32EazktY43tJKcjNnWrntm,
400,Where Did You Go? (feat. MNEK),"Jax Jones, MNEK",2023-01-27,0.502,3sa06xVNmLLYIxdNNmVQN8,
401,"Як ти, херсоне?",Spiv Brativ,2023-01-27,0.584,6Ulg8SiNJGEg7eDpnEB9aU,
402,КОНТРНАСТУП,SHYMAN,2023-01-27,0.61,40QgLaQZLrz8FIVeB472Ld,
403,Tdme,Antytila,2023-01-27,0.598,2Pa6q36FP2oAM5q1hFjVSG,
404,Лелека,"MamaRika, YAKTAK",2023-01-27,0.542,13gy7wNdXhofTQyWHK1UbP,
405,Чи разом?,KOLA,2023-01-27,0.228,1DgLyjvwcodlM0KbaffvHc,
406,"Хто, як не ти?",Khrystyna Soloviy,2023-01-27,0.351,1Re4DWmjTSYymDL3SpRE7c,
407,Люди як кораблі,Antytila,2023-01-27,0.418,6iXggLYvLeiccxZq61pl2i,
408,Плакала Калина - Shnaps Remix,"POLINA DASHKOVA, Shnaps",2023-01-27,0.429,7LpHw8Kojwnca4GdcD1Xxq,
409,Shchedrivka - Spotify Singles Holiday,Kalush Orchestra,2023-01-27,0.603,2ScUNIrBDPOR1bj36Z7QjC,
410,Свята Джавеліна,TaRuta,2023-01-27,0.967,3QhPhr3hTKp8e07xKpulWz,
411,Моя хулиганка,Xolidayboy,2023-01-27,0.374,5waJ2AZCEWt9mJPFBwvZp2,
412,Somewhere Only We Know,Keane,2023-01-27,0.368,0ll8uFnc0nANY35E0Lfxvg,
413,Лента за Лентою,ХАС,2023-01-27,0.703,0WcUxXoHhMbDQZxecUGbok,
414,БАТЬКО НАШ БАНДЕРА,"GLOVA, MANIN, GOVORUN",2023-01-27,0.788,7eLDFivWlXy3iA1iVVVSts,
415,Я Солдат - 2022 UA Version – Sobi Remix,"Serhii Babkin, Sobi",2023-01-27,0.314,3bPxgtekvuyDAOqzTUXCOL,
416,Ти неймовірна,Quest Pistols,2023-01-27,0.534,7dpget8s2QN51jYbNqVYtG,
417,2step (feat. Antytila),"Ed Sheeran, Antytila",2023-01-27,0.599,0EgNmGWjnYm3FMyaOW5xsM,
418,Flowers,Miley Cyrus,2023-02-03,0.632,7DSAEUvxU8FajXtRloy8M0,
419,Чути гімн,SKOFKA,2023-02-03,0.422,4Yzlz45QgjUKZmN2KrK4AP,
420,вотсап,DOROFEEVA,2023-02-03,0.142,7iGdK8FeeKfWiLR3Ax6phw,
421,Там у тополі,"Artem Pivovarov, NK",2023-02-03,0.655,4TP5hCUeQ6QwYzPkTfxG6G,
422,Щоб не було,DOROFEEVA,2023-02-03,0.381,7krNeHssTmY3ijTox4OBbD,
423,Гарно так,CHEEV,2023-02-03,0.798,3yRDM5tBS7H8HG64y3x9kw,
424,Stefania (Kalush Orchestra),"KALUSH, Kalush Orchestra",2023-02-03,0.324,2vHzOWRKYPLu8umRPIFuOq,
425,Додому,Wellboy,2023-02-03,0.219,6gtK39SLszESqJFu2SkId3,
426,Біля серця,KOLA,2023-02-03,0.598,20SSuP71R4A88qHQu4BKY6,
427,Батьківщина,"SKOFKA, KALUSH",2023-02-03,0.502,33s2G0h9EOdyaKlKr15ngE,
428,Чекає вдома (feat. DOVI),"YAKTAK, DOVI",2023-02-03,0.702,5F9CLUvuRyku0ZdT4ljPQt,
429,Вишнi,Wellboy,2023-02-03,0.635,1xHs6PLjlvqihewyitoP3A,
430,Рандеву,Artem Pivovarov,2023-02-03,0.684,3R02XSW0lDknR5ZVFiTVrc,
431,High Come Down,Chico & Coolwadda,2023-02-03,0.667,4gc19xZ8SvONdW6ZVHlYSO,
432,"Ти щаслива будеш - Гай, зелений гай",Dima PROKOPOV,2023-02-03,0.492,2TTuBKeQWoukafWDPufIlq,
433,ЗА ДЕНЬГИ ДА,INSTASAMKA,2023-02-03,0.314,4PGzoH4hL1vORGOTxHdWjB,
434,Shot a friend,Holy Molly,2023-02-03,0.463,27yUNsQo2CPPokNw69M23X,
435,Won't Forget You (Edit),Shouse,2023-02-03,0.555,3I10tZ5MgEMo4WryCNJkZQ,
436,Маніфест,Artem Pivovarov,2023-02-03,0.422,0pWMr82unREASQGFJrrI5S,
437,Вечорниці - Добрий день Everybody,"100лиця, SKYLERR",2023-02-03,0.336,64Qnw6jO2dnkjV9una5peq,
438,MIDDLE OF THE NIGHT,Elley Duhé,2023-02-03,0.0899,58HvfVOeJY7lUuCqF0m3ly,
439,Монро,Slavik Pogosov,2023-02-03,0.118,5sQpS3fyw6VBpPioNlrCn1,
440,Який ти козак,"Анна Трінчер, POSITIFF",2023-02-03,0.463,56jFeULddnrAOxtlLmTCFC,
441,Not About Us - Byjoelmichael Remix,"Alis Shuka, Byjoelmichael",2023-02-03,0.348,4iwY29UTTw5N9ZGtMsAqCF,
442,"How Long - From""Euphoria"" An HBO Original Series",Tove Lo,2023-02-03,0.468,05eZlxyjbkHMPCnunUasCS,
443,Зай - Shnaps Remix,"Анна Трінчер, Shnaps",2023-02-03,0.678,04M7w39gAe2CUkf9AXJKCZ,
444,Ой на горі,Artem Pivovarov,2023-02-03,0.469,1kTtW9kzGGxbQISdhe8pzG,
445,Незламна,ЛЮСЯ КАВА,2023-02-03,0.276,3uFBrdXhDkmuN6xxUgS9rs,
446,Добрий день Everybody,"Мюслі UA, VASIA CHARISMA",2023-02-03,0.572,7xIlDDAM1RpASn4o16S2F3,
447,Бахмут,Spiv Brativ,2023-02-03,0.524,1w8Dgp27eGiKu51jZHFSsZ,
448,Hypnotized,"Purple Disco Machine, Sophie and the Giants",2023-02-03,0.707,7HxWZggiHyGWT9ZSmWzcxu,
449,Пробач,YAKTAK,2023-02-03,0.134,5pN1b9d11LxVNg24kIvyiE,
450,Infinity,Jaymes Young,2023-02-03,0.494,1SOClUWhOi8vHZYMz3GluK,
451,Враже (енджі крейда cover),Damidas,2023-02-03,0.12,0ekzVQWGaD6oHBINV8JY5h,
452,"Там, де",Ivan NAVI,2023-02-03,0.814,3mYqEtddAhUoLHkPLdARQn,
453,Ванька-Встанька,Маша Кондратенко,2023-02-03,0.62,00ZFbk7oYrtx8nup5y58BO,
454,Мрієшся,CHEEV,2023-02-03,0.326,6BGf2maOpSS5aznYkv9BfR,
455,Voin,"YARMAK, TARABAROVA",2023-02-03,0.358,6mxPj26zVw51cqeRxxNOed,
456,Доброго вечора - Where Are You From,PROBASS ∆ HARDI,2023-02-03,0.406,0O3TZYgwaRadNprRONZ7iX,
457,Unholy (feat. Kim Petras),"Sam Smith, Kim Petras",2023-02-03,0.238,3nqQXoyQOWXiESFLlDF1hG,
458,In The Shadows Of Ukraine (feat. The Rasmus),"KALUSH, Kalush Orchestra, The Rasmus",2023-02-03,0.758,5dSOtyf70O6fG1xm4xFeTD,
459,Кружит,MONATIK,2023-02-03,0.694,2MvXw1lGFDRasfQviQptIh,
807,Вишнi,Wellboy,2023-03-03,0.635,1xHs6PLjlvqihewyitoP3A,
460,Враже (енджі крейда cover),Damidas,2023-02-03,0.12,0ekzVQWGaD6oHBINV8JY5h,
461,Кришталь,NK,2023-02-03,0.609,1ixJTPRUzQfa7a1wwhLs9B,
462,As It Was,Harry Styles,2023-02-03,0.662,4Dvkj6JhhA12EX05fT7y2e,
463,Не забудем і не пробачим,SKOFKA,2023-02-03,0.543,6KvQKU21c1ZGEoOajKfim0,
464,MMM,Minelli,2023-02-03,0.661,2wtjKTnfYimgKi9cPxPBPV,
465,Пес Патрон,Karta Svitu,2023-02-03,0.947,1D3rciTrWK2SgwjQrGZntM,
466,Гуляли,KOZAK SIROMAHA,2023-02-03,0.675,6xnczQ0seXKiu4sPnYEyui,
467,По барам,ANNA ASTI,2023-02-03,0.428,4zOLAk87gHl97sbqmntbJG,
468,Воїни світла,Lyapis Trubetskoy,2023-02-03,0.403,64hFcUEAhSODWUm4ZtqEaH,
469,Alugalug Cat (Symphonic Mashup),The Kiffness,2023-02-03,0.519,4V9kve9oiv2k4zyY0JEwqP,
470,Цей сон - Radio Edit,"Леся Нікітюк, Степан Гіга",2023-02-03,0.627,3T5Fm5kBmenqaVCCwc2Cov,
471,Марічка,Patsyki Z Franeka,2023-02-03,0.466,2WoksKIDPQ8o90cqDbgE7L,
472,Невідомий Герой,PTASHKIN,2023-02-03,0.562,0fDfRB7OwD9HU6eXiqY7fY,
473,Пишу тобі листа - Rap Edition,"Ivan NAVI, ХАС",2023-02-03,0.422,48xn7zMEnr2goU2WX0Njn3,
474,Маяк - Instrumental version,The Hardkiss,2023-02-03,0.0426,0tK2Be0EtYu8QJGzJiy74Q,
475,Чи разом?,KOLA,2023-02-03,0.228,1DgLyjvwcodlM0KbaffvHc,
476,Bloody Mary,Lady Gaga,2023-02-03,0.432,11BKm0j4eYoCPPpCONAVwA,
477,Силуети,"SadSvit, СТРУКТУРА ЩАСТЯ",2023-02-03,0.387,61BaxM1NIcadLu3gtWm2uT,
478,Живи,YULIYA ROZNEN,2023-02-03,0.255,4gAftAo7JKij3ubl7iLQEZ,
479,Сіґеле-міґеле,NAZVA,2023-02-03,0.118,6Xa97kTbaQKlf0KMTY2qGJ,
480,Where Did You Go? (feat. MNEK),"Jax Jones, MNEK",2023-02-03,0.502,3sa06xVNmLLYIxdNNmVQN8,
481,Моя країна,Arsen Mirzoyan,2023-02-03,0.513,1MBiKjChdXChGDwxJxm9ib,
482,Моя Украïна,"TamerlanAlena, Andi Vax",2023-02-03,0.442,5vmTyrE2mSg9wvAFNLRaOr,
483,Повернись живим,BEZ OBMEZHEN,2023-02-03,0.365,7BmVzh8qlpDSlPijI2jQFy,
484,The Motto - Robert Georgescu & White Remix,"Tiësto, Ava Max, Robert Georgescu & White",2023-02-03,0.828,6jiiZursE0NfrjmThWe8f6,
485,Свята Джавеліна,TaRuta,2023-02-03,0.967,3QhPhr3hTKp8e07xKpulWz,
486,Чорне і біле,ZOZULYA,2023-02-03,0.139,7inT18SoRHT6PEE0F9J8Xs,
487,МОЯ КРАЇНА,"YARMAK, Tof",2023-02-03,0.395,3ND8vamqbTuI1QDhoP6ekH,
488,Cold Heart - PNAU Remix,"Elton John, Dua Lipa, PNAU",2023-02-03,0.942,6zSpb8dQRaw0M1dK8PBwQz,
489,КАК MOMMY,INSTASAMKA,2023-02-03,0.386,0R848ny5sEpVuR1tMXZNFr,
490,Лелека,"MamaRika, YAKTAK",2023-02-03,0.542,13gy7wNdXhofTQyWHK1UbP,
491,Фортеця Бахмут,Antytila,2023-02-03,0.595,44FopWyaddRoiuNrD8hlUw,
492,БАТЬКО НАШ БАНДЕРА,"GLOVA, MANIN, GOVORUN",2023-02-03,0.788,7eLDFivWlXy3iA1iVVVSts,
493,Ты так красива,Quest Pistols,2023-02-03,0.785,73O5XIJJGhN7oFqkhffMi1,
494,УКРАЇНА ПОНАД УСЕ,Мюслі UA,2023-02-03,0.239,5qf2pNjkK4vUMfJ9koZzz2,
495,Окупанту,MBreeze,2023-02-03,0.968,09NXCjWIBMQDQLOv6AMyDN,
496,Дельфіни,"Мята, ХАС",2023-02-03,0.774,7KE6zTJkUlvy3aV1q4zDtf,
497,В дорогу,SKOFKA,2023-02-03,0.605,5kbgubYr6PK4NRy1bfAVdH,
498,Стиль,Wellboy,2023-02-03,0.836,6JQ35ZJlMD79PcTKGzuABl,
499,КОНТРНАСТУП,SHYMAN,2023-02-03,0.61,40QgLaQZLrz8FIVeB472Ld,
500,Як відгримить війна,Kozak System,2023-02-03,0.48,6TLSnop7P6kdkT2PtFSmKq,
501,Бий москаля,FIЇNKA,2023-02-03,0.719,5be1bYkrGdqv5wJj84UhDe,
502,Секрет,Druha Rika,2023-02-03,0.0626,4oKWt2qEQiIftqzkdKQdcs,
503,Летять - БомБлять,Andre KRICHE,2023-02-03,0.285,1GPAhOettTBrhc3JIchO7Z,
504,As It Was,Harry Styles,2023-02-03,0.662,4Dvkj6JhhA12EX05fT7y2e,
505,Rampampam,Minelli,2023-02-03,0.437,1esZgaqm0YKN87CIP3orJ3,
506,Lovefool,twocolors,2023-02-03,0.198,51Of5p3lKZeOg6itfs4og4,
507,Ти неймовірна,Quest Pistols,2023-02-03,0.534,7dpget8s2QN51jYbNqVYtG,
508,Молюся і вірю,"IKSIY, SESTRA, BITZ",2023-02-03,0.547,32EazktY43tJKcjNnWrntm,
509,Квіти мінних зон,Okean Elzy,2023-02-03,0.427,6RSoNbRPI3DY0NICU0xL8L,
510,Плакала Калина - Shnaps Remix,"POLINA DASHKOVA, Shnaps",2023-02-03,0.429,7LpHw8Kojwnca4GdcD1Xxq,
511,Фортеця Бахмут,Antytila,2023-02-10,0.595,44FopWyaddRoiuNrD8hlUw,
512,Flowers,Miley Cyrus,2023-02-10,0.632,7DSAEUvxU8FajXtRloy8M0,
513,Чути гімн,SKOFKA,2023-02-10,0.422,4Yzlz45QgjUKZmN2KrK4AP,
514,Там у тополі,"Artem Pivovarov, NK",2023-02-10,0.655,4TP5hCUeQ6QwYzPkTfxG6G,
515,Чекає вдома (feat. DOVI),"YAKTAK, DOVI",2023-02-10,0.702,5F9CLUvuRyku0ZdT4ljPQt,
516,Щоб не було,DOROFEEVA,2023-02-10,0.381,7krNeHssTmY3ijTox4OBbD,
517,Додому,Wellboy,2023-02-10,0.219,6gtK39SLszESqJFu2SkId3,
518,Гарно так,CHEEV,2023-02-10,0.798,3yRDM5tBS7H8HG64y3x9kw,
519,Біля серця,KOLA,2023-02-10,0.598,20SSuP71R4A88qHQu4BKY6,
520,Вишнi,Wellboy,2023-02-10,0.635,1xHs6PLjlvqihewyitoP3A,
521,"Ти щаслива будеш - Гай, зелений гай",Dima PROKOPOV,2023-02-10,0.492,2TTuBKeQWoukafWDPufIlq,
522,Рандеву,Artem Pivovarov,2023-02-10,0.684,3R02XSW0lDknR5ZVFiTVrc,
523,Батьківщина,"SKOFKA, KALUSH",2023-02-10,0.502,33s2G0h9EOdyaKlKr15ngE,
524,High Come Down,Chico & Coolwadda,2023-02-10,0.667,4gc19xZ8SvONdW6ZVHlYSO,
525,вотсап,DOROFEEVA,2023-02-10,0.142,7iGdK8FeeKfWiLR3Ax6phw,
526,Вечорниці - Добрий день Everybody,"100лиця, SKYLERR",2023-02-10,0.336,64Qnw6jO2dnkjV9una5peq,
527,ЗА ДЕНЬГИ ДА,INSTASAMKA,2023-02-10,0.314,4PGzoH4hL1vORGOTxHdWjB,
528,Маніфест,Artem Pivovarov,2023-02-10,0.422,0pWMr82unREASQGFJrrI5S,
529,Not About Us - Byjoelmichael Remix,"Alis Shuka, Byjoelmichael",2023-02-10,0.348,4iwY29UTTw5N9ZGtMsAqCF,
530,Який ти козак,"Анна Трінчер, POSITIFF",2023-02-10,0.463,56jFeULddnrAOxtlLmTCFC,
531,Зай - Shnaps Remix,"Анна Трінчер, Shnaps",2023-02-10,0.678,04M7w39gAe2CUkf9AXJKCZ,
532,Shot a friend,Holy Molly,2023-02-10,0.463,27yUNsQo2CPPokNw69M23X,
533,Won't Forget You (Edit),Shouse,2023-02-10,0.555,3I10tZ5MgEMo4WryCNJkZQ,
534,Незламна,ЛЮСЯ КАВА,2023-02-10,0.276,3uFBrdXhDkmuN6xxUgS9rs,
535,Повільно,Adam,2023-02-10,0.481,0NYvacFqoJdJggiOynzbur,
536,Voin,"YARMAK, TARABAROVA",2023-02-10,0.358,6mxPj26zVw51cqeRxxNOed,
537,"How Long - From""Euphoria"" An HBO Original Series",Tove Lo,2023-02-10,0.468,05eZlxyjbkHMPCnunUasCS,
538,Монро,Slavik Pogosov,2023-02-10,0.118,5sQpS3fyw6VBpPioNlrCn1,
539,Добрий день Everybody,"Мюслі UA, VASIA CHARISMA",2023-02-10,0.572,7xIlDDAM1RpASn4o16S2F3,
540,Бахмут,Spiv Brativ,2023-02-10,0.524,1w8Dgp27eGiKu51jZHFSsZ,
541,Гуляли,KOZAK SIROMAHA,2023-02-10,0.675,6xnczQ0seXKiu4sPnYEyui,
542,Ой на горі,Artem Pivovarov,2023-02-10,0.469,1kTtW9kzGGxbQISdhe8pzG,
543,Hypnotized,"Purple Disco Machine, Sophie and the Giants",2023-02-10,0.707,7HxWZggiHyGWT9ZSmWzcxu,
544,Враже (енджі крейда cover),Damidas,2023-02-10,0.12,0ekzVQWGaD6oHBINV8JY5h,
545,MIDDLE OF THE NIGHT,Elley Duhé,2023-02-10,0.0899,58HvfVOeJY7lUuCqF0m3ly,
546,Мрієшся,CHEEV,2023-02-10,0.326,6BGf2maOpSS5aznYkv9BfR,
547,Infinity,Jaymes Young,2023-02-10,0.494,1SOClUWhOi8vHZYMz3GluK,
548,Ванька-Встанька,Маша Кондратенко,2023-02-10,0.62,00ZFbk7oYrtx8nup5y58BO,
549,Враже (енджі крейда cover),Damidas,2023-02-10,0.12,0ekzVQWGaD6oHBINV8JY5h,
550,"Там, де",Ivan NAVI,2023-02-10,0.814,3mYqEtddAhUoLHkPLdARQn,
551,Доброго вечора - Where Are You From,PROBASS ∆ HARDI,2023-02-10,0.406,0O3TZYgwaRadNprRONZ7iX,
552,Не забудем і не пробачим,SKOFKA,2023-02-10,0.543,6KvQKU21c1ZGEoOajKfim0,
553,Марічка,Patsyki Z Franeka,2023-02-10,0.466,2WoksKIDPQ8o90cqDbgE7L,
554,Unholy (feat. Kim Petras),"Sam Smith, Kim Petras",2023-02-10,0.238,3nqQXoyQOWXiESFLlDF1hG,
555,По барам,ANNA ASTI,2023-02-10,0.428,4zOLAk87gHl97sbqmntbJG,
556,Stefania (Kalush Orchestra),"KALUSH, Kalush Orchestra",2023-02-10,0.324,2vHzOWRKYPLu8umRPIFuOq,
557,Кришталь,NK,2023-02-10,0.609,1ixJTPRUzQfa7a1wwhLs9B,
558,In The Shadows Of Ukraine (feat. The Rasmus),"KALUSH, Kalush Orchestra, The Rasmus",2023-02-10,0.758,5dSOtyf70O6fG1xm4xFeTD,
559,MMM,Minelli,2023-02-10,0.661,2wtjKTnfYimgKi9cPxPBPV,
560,Цей сон - Radio Edit,"Леся Нікітюк, Степан Гіга",2023-02-10,0.627,3T5Fm5kBmenqaVCCwc2Cov,
561,Чорне і біле,ZOZULYA,2023-02-10,0.139,7inT18SoRHT6PEE0F9J8Xs,
562,As It Was,Harry Styles,2023-02-10,0.662,4Dvkj6JhhA12EX05fT7y2e,
563,Пес Патрон,Karta Svitu,2023-02-10,0.947,1D3rciTrWK2SgwjQrGZntM,
564,Невідомий Герой,PTASHKIN,2023-02-10,0.562,0fDfRB7OwD9HU6eXiqY7fY,
565,Силуети,"SadSvit, СТРУКТУРА ЩАСТЯ",2023-02-10,0.387,61BaxM1NIcadLu3gtWm2uT,
566,Воїни світла,Lyapis Trubetskoy,2023-02-10,0.403,64hFcUEAhSODWUm4ZtqEaH,
567,Моя країна,Arsen Mirzoyan,2023-02-10,0.513,1MBiKjChdXChGDwxJxm9ib,
568,Bloody Mary,Lady Gaga,2023-02-10,0.432,11BKm0j4eYoCPPpCONAVwA,
569,Where Did You Go? (feat. MNEK),"Jax Jones, MNEK",2023-02-10,0.502,3sa06xVNmLLYIxdNNmVQN8,
570,Пишу тобі листа - Rap Edition,"Ivan NAVI, ХАС",2023-02-10,0.422,48xn7zMEnr2goU2WX0Njn3,
571,Відьма,Vsivdoma,2023-02-10,0.667,2oU2e0WRQAoBnCnNvcsu0x,
572,Alugalug Cat (Symphonic Mashup),The Kiffness,2023-02-10,0.519,4V9kve9oiv2k4zyY0JEwqP,
573,Кружит,MONATIK,2023-02-10,0.694,2MvXw1lGFDRasfQviQptIh,
574,Окупанту,MBreeze,2023-02-10,0.968,09NXCjWIBMQDQLOv6AMyDN,
575,Ты так красива,Quest Pistols,2023-02-10,0.785,73O5XIJJGhN7oFqkhffMi1,
576,КАК MOMMY,INSTASAMKA,2023-02-10,0.386,0R848ny5sEpVuR1tMXZNFr,
577,Вона,"Taras Chubay, Плач Єремії",2023-02-10,0.334,1qDqswcqJ7QxtbVlDv5P6W,
578,Tuesday (feat. Danelle Sandoval) - Radio Edit,"Burak Yeter, Danelle Sandoval",2023-02-10,0.702,3jb6qb2BtrOeQP0UprQ67y,
579,Легковажна,SKAI,2023-02-10,0.563,4v46N2yKTs6bAupAw9DTcm,
580,Восьмий колір,Motor'Rolla,2023-02-10,0.31,5grohwSCKaYj35Ea8LjpUT,
581,Cold Heart - PNAU Remix,"Elton John, Dua Lipa, PNAU",2023-02-10,0.942,6zSpb8dQRaw0M1dK8PBwQz,
582,Човен,Odyn v Kanoe,2023-02-10,0.553,12L3PRi1KaDiCPhFngI6Al,
583,Свята Джавеліна,TaRuta,2023-02-10,0.967,3QhPhr3hTKp8e07xKpulWz,
584,Люди як кораблі,Antytila,2023-02-10,0.418,6iXggLYvLeiccxZq61pl2i,
585,В дорогу,SKOFKA,2023-02-10,0.605,5kbgubYr6PK4NRy1bfAVdH,
586,Народна,ЛЮСЯ КАВА,2023-02-10,0.489,4GU8TwA4SywyeUxHV0hmt1,
587,Лелека,"MamaRika, YAKTAK",2023-02-10,0.542,13gy7wNdXhofTQyWHK1UbP,
588,БАТЬКО НАШ БАНДЕРА,"GLOVA, MANIN, GOVORUN",2023-02-10,0.788,7eLDFivWlXy3iA1iVVVSts,
589,УКРАЇНА ПОНАД УСЕ,Мюслі UA,2023-02-10,0.239,5qf2pNjkK4vUMfJ9koZzz2,
590,Живи,YULIYA ROZNEN,2023-02-10,0.255,4gAftAo7JKij3ubl7iLQEZ,
591,Дельфіни,"Мята, ХАС",2023-02-10,0.774,7KE6zTJkUlvy3aV1q4zDtf,
592,Моя Украïна,"TamerlanAlena, Andi Vax",2023-02-10,0.442,5vmTyrE2mSg9wvAFNLRaOr,
593,КОНТРНАСТУП,SHYMAN,2023-02-10,0.61,40QgLaQZLrz8FIVeB472Ld,
594,METAMORPHOSIS - Sped Up,INTERWORLD,2023-02-10,0.136,6MlIIJwO4FxnOlrpOrS4hU,
595,ily (i love you baby) (Topic Remix) [feat. Emilee],"Surf Mesa, Topic, Emilee",2023-02-10,0.589,4TpXLhpLYQPMHM1A8W9J84,
596,Троянди,100лиця,2023-02-10,0.306,3pube0HS3OSWDVIpQfU0Q0,
597,Бий москаля,FIЇNKA,2023-02-10,0.719,5be1bYkrGdqv5wJj84UhDe,
598,Летять - БомБлять,Andre KRICHE,2023-02-10,0.285,1GPAhOettTBrhc3JIchO7Z,
599,Як відгримить війна,Kozak System,2023-02-10,0.48,6TLSnop7P6kdkT2PtFSmKq,
600,Молюся і вірю,"IKSIY, SESTRA, BITZ",2023-02-10,0.547,32EazktY43tJKcjNnWrntm,
601,Save Your Tears,The Weeknd,2023-02-10,0.644,5QO79kh1waicV47BqGRL3g,
602,As It Was,Harry Styles,2023-02-10,0.662,4Dvkj6JhhA12EX05fT7y2e,
603,Rampampam,Minelli,2023-02-10,0.437,1esZgaqm0YKN87CIP3orJ3,
604,Фортеця Бахмут,Antytila,2023-02-17,0.595,44FopWyaddRoiuNrD8hlUw,
605,Flowers,Miley Cyrus,2023-02-17,0.632,7DSAEUvxU8FajXtRloy8M0,
606,Чути гімн,SKOFKA,2023-02-17,0.422,4Yzlz45QgjUKZmN2KrK4AP,
607,Чекає вдома (feat. DOVI),"YAKTAK, DOVI",2023-02-17,0.702,5F9CLUvuRyku0ZdT4ljPQt,
608,Там у тополі,"Artem Pivovarov, NK",2023-02-17,0.655,4TP5hCUeQ6QwYzPkTfxG6G,
609,Додому,Wellboy,2023-02-17,0.219,6gtK39SLszESqJFu2SkId3,
610,Щоб не було,DOROFEEVA,2023-02-17,0.381,7krNeHssTmY3ijTox4OBbD,
611,вотсап,DOROFEEVA,2023-02-17,0.142,7iGdK8FeeKfWiLR3Ax6phw,
612,Біля серця,KOLA,2023-02-17,0.598,20SSuP71R4A88qHQu4BKY6,
613,High Come Down,Chico & Coolwadda,2023-02-17,0.667,4gc19xZ8SvONdW6ZVHlYSO,
614,Батьківщина,"SKOFKA, KALUSH",2023-02-17,0.502,33s2G0h9EOdyaKlKr15ngE,
615,Вечорниці - Добрий день Everybody,"100лиця, SKYLERR",2023-02-17,0.336,64Qnw6jO2dnkjV9una5peq,
616,"Ти щаслива будеш - Гай, зелений гай",Dima PROKOPOV,2023-02-17,0.492,2TTuBKeQWoukafWDPufIlq,
617,Гарно так,CHEEV,2023-02-17,0.798,3yRDM5tBS7H8HG64y3x9kw,
618,Маніфест,Artem Pivovarov,2023-02-17,0.422,0pWMr82unREASQGFJrrI5S,
619,Рандеву,Artem Pivovarov,2023-02-17,0.684,3R02XSW0lDknR5ZVFiTVrc,
620,Кукла колдуна,Korol i Shut,2023-02-17,0.635,2DYzsMQpO7xOw7b3JwyIWP,
621,Вишнi,Wellboy,2023-02-17,0.635,1xHs6PLjlvqihewyitoP3A,
622,MIDDLE OF THE NIGHT,Elley Duhé,2023-02-17,0.0899,58HvfVOeJY7lUuCqF0m3ly,
623,Hypnotized,"Purple Disco Machine, Sophie and the Giants",2023-02-17,0.707,7HxWZggiHyGWT9ZSmWzcxu,
624,Shot a friend,Holy Molly,2023-02-17,0.463,27yUNsQo2CPPokNw69M23X,
625,Зай - Shnaps Remix,"Анна Трінчер, Shnaps",2023-02-17,0.678,04M7w39gAe2CUkf9AXJKCZ,
626,Повільно,Adam,2023-02-17,0.481,0NYvacFqoJdJggiOynzbur,
627,ЗА ДЕНЬГИ ДА,INSTASAMKA,2023-02-17,0.314,4PGzoH4hL1vORGOTxHdWjB,
628,Voin,"YARMAK, TARABAROVA",2023-02-17,0.358,6mxPj26zVw51cqeRxxNOed,
629,Незламна,ЛЮСЯ КАВА,2023-02-17,0.276,3uFBrdXhDkmuN6xxUgS9rs,
630,Враже (енджі крейда cover),Damidas,2023-02-17,0.12,0ekzVQWGaD6oHBINV8JY5h,
631,Монро,Slavik Pogosov,2023-02-17,0.118,5sQpS3fyw6VBpPioNlrCn1,
632,Гуляли,KOZAK SIROMAHA,2023-02-17,0.675,6xnczQ0seXKiu4sPnYEyui,
633,Heavy Metal Love,twocolors,2023-02-17,0.457,07VcTAooOBP8hIluuUS5xr,
634,Який ти козак,"Анна Трінчер, POSITIFF",2023-02-17,0.463,56jFeULddnrAOxtlLmTCFC,
635,Воїни світла,Lyapis Trubetskoy,2023-02-17,0.403,64hFcUEAhSODWUm4ZtqEaH,
636,Пишу тобі листа - Rap Edition,"Ivan NAVI, ХАС",2023-02-17,0.422,48xn7zMEnr2goU2WX0Njn3,
637,Ой на горі,Artem Pivovarov,2023-02-17,0.469,1kTtW9kzGGxbQISdhe8pzG,
638,Враже (енджі крейда cover),Damidas,2023-02-17,0.12,0ekzVQWGaD6oHBINV8JY5h,
639,Не забудем і не пробачим,SKOFKA,2023-02-17,0.543,6KvQKU21c1ZGEoOajKfim0,
640,Бахмут,Spiv Brativ,2023-02-17,0.524,1w8Dgp27eGiKu51jZHFSsZ,
641,Not About Us - Byjoelmichael Remix,"Alis Shuka, Byjoelmichael",2023-02-17,0.348,4iwY29UTTw5N9ZGtMsAqCF,
642,Невідомий Герой,PTASHKIN,2023-02-17,0.562,0fDfRB7OwD9HU6eXiqY7fY,
643,Stefania (Kalush Orchestra),"KALUSH, Kalush Orchestra",2023-02-17,0.324,2vHzOWRKYPLu8umRPIFuOq,
644,Марічка,Patsyki Z Franeka,2023-02-17,0.466,2WoksKIDPQ8o90cqDbgE7L,
645,По барам,ANNA ASTI,2023-02-17,0.428,4zOLAk87gHl97sbqmntbJG,
646,"Мова вітру - З м/ф ""Мавка. Лісова пісня""","Artem Pivovarov, Khrystyna Soloviy",2023-02-17,0.214,7n1uVnlAdVdp6w7NNQr7oD,
647,Силуети,"SadSvit, СТРУКТУРА ЩАСТЯ",2023-02-17,0.387,61BaxM1NIcadLu3gtWm2uT,
648,Ванька-Встанька,Маша Кондратенко,2023-02-17,0.62,00ZFbk7oYrtx8nup5y58BO,
649,MMM,Minelli,2023-02-17,0.661,2wtjKTnfYimgKi9cPxPBPV,
650,Чорне і біле,ZOZULYA,2023-02-17,0.139,7inT18SoRHT6PEE0F9J8Xs,
651,Цей сон - Radio Edit,"Леся Нікітюк, Степан Гіга",2023-02-17,0.627,3T5Fm5kBmenqaVCCwc2Cov,
652,"Там, де",Ivan NAVI,2023-02-17,0.814,3mYqEtddAhUoLHkPLdARQn,
653,As It Was,Harry Styles,2023-02-17,0.662,4Dvkj6JhhA12EX05fT7y2e,
654,Infinity,Jaymes Young,2023-02-17,0.494,1SOClUWhOi8vHZYMz3GluK,
655,Моя країна,Arsen Mirzoyan,2023-02-17,0.513,1MBiKjChdXChGDwxJxm9ib,
656,In The Shadows Of Ukraine (feat. The Rasmus),"KALUSH, Kalush Orchestra, The Rasmus",2023-02-17,0.758,5dSOtyf70O6fG1xm4xFeTD,
657,Won't Forget You (Edit),Shouse,2023-02-17,0.555,3I10tZ5MgEMo4WryCNJkZQ,
658,Доброго вечора - Where Are You From,PROBASS ∆ HARDI,2023-02-17,0.406,0O3TZYgwaRadNprRONZ7iX,
659,Троянди,100лиця,2023-02-17,0.306,3pube0HS3OSWDVIpQfU0Q0,
660,Лелека,"MamaRika, YAKTAK",2023-02-17,0.542,13gy7wNdXhofTQyWHK1UbP,
661,"How Long - From""Euphoria"" An HBO Original Series",Tove Lo,2023-02-17,0.468,05eZlxyjbkHMPCnunUasCS,
662,Пес Патрон,Karta Svitu,2023-02-17,0.947,1D3rciTrWK2SgwjQrGZntM,
663,Кришталь,NK,2023-02-17,0.609,1ixJTPRUzQfa7a1wwhLs9B,
664,Cold Heart - PNAU Remix,"Elton John, Dua Lipa, PNAU",2023-02-17,0.942,6zSpb8dQRaw0M1dK8PBwQz,
665,Восьмий колір,Motor'Rolla,2023-02-17,0.31,5grohwSCKaYj35Ea8LjpUT,
666,Відьма,Vsivdoma,2023-02-17,0.667,2oU2e0WRQAoBnCnNvcsu0x,
667,Живи,YULIYA ROZNEN,2023-02-17,0.255,4gAftAo7JKij3ubl7iLQEZ,
668,МОЯ КРАЇНА,"YARMAK, Tof",2023-02-17,0.395,3ND8vamqbTuI1QDhoP6ekH,
669,As It Was,Harry Styles,2023-02-17,0.662,4Dvkj6JhhA12EX05fT7y2e,
670,Окупанту,MBreeze,2023-02-17,0.968,09NXCjWIBMQDQLOv6AMyDN,
671,Легковажна,SKAI,2023-02-17,0.563,4v46N2yKTs6bAupAw9DTcm,
672,Bloody Mary,Lady Gaga,2023-02-17,0.432,11BKm0j4eYoCPPpCONAVwA,
673,Мрієшся,CHEEV,2023-02-17,0.326,6BGf2maOpSS5aznYkv9BfR,
674,Джеральдіна,Arsen Mirzoyan,2023-02-17,0.323,0S5xP1mN9mqQlmklHyJeJL,
675,В дорогу,SKOFKA,2023-02-17,0.605,5kbgubYr6PK4NRy1bfAVdH,
676,Where Did You Go? (feat. MNEK),"Jax Jones, MNEK",2023-02-17,0.502,3sa06xVNmLLYIxdNNmVQN8,
677,The Motto - Robert Georgescu & White Remix,"Tiësto, Ava Max, Robert Georgescu & White",2023-02-17,0.828,6jiiZursE0NfrjmThWe8f6,
678,abcdefu,GAYLE,2023-02-17,0.415,4fouWK6XVHhzl78KzQ1UjL,
679,інша любов,ENLEO,2023-02-17,0.117,6JrGELYUIbZvBV74j4Q5LN,
680,Молюся і вірю,"IKSIY, SESTRA, BITZ",2023-02-17,0.547,32EazktY43tJKcjNnWrntm,
681,Народна,ЛЮСЯ КАВА,2023-02-17,0.489,4GU8TwA4SywyeUxHV0hmt1,
682,Ты так красива,Quest Pistols,2023-02-17,0.785,73O5XIJJGhN7oFqkhffMi1,
683,Тебе - собі,KOLA,2023-02-17,0.116,5YKrl96QnEDPQNYKTCfokP,
684,Як відгримить війна,Kozak System,2023-02-17,0.48,6TLSnop7P6kdkT2PtFSmKq,
685,Alugalug Cat (Symphonic Mashup),The Kiffness,2023-02-17,0.519,4V9kve9oiv2k4zyY0JEwqP,
686,Волонтер,Потап,2023-02-17,0.555,41AB0jsLgan7ATqsYCG7ct,
687,Моя Украïна,"TamerlanAlena, Andi Vax",2023-02-17,0.442,5vmTyrE2mSg9wvAFNLRaOr,
688,На небі,Okean Elzy,2023-02-17,0.548,307BZpDAtO3OwRs2wrV1S9,
689,Кружит,MONATIK,2023-02-17,0.694,2MvXw1lGFDRasfQviQptIh,
690,КОНТРНАСТУП,SHYMAN,2023-02-17,0.61,40QgLaQZLrz8FIVeB472Ld,
691,Love Tonight (David Guetta Remix Edit),"Shouse, David Guetta",2023-02-17,0.0348,2prnn41CblB8B4yWACDljP,
692,Лента за Лентою,ХАС,2023-02-17,0.703,0WcUxXoHhMbDQZxecUGbok,
693,2step (feat. Antytila),"Ed Sheeran, Antytila",2023-02-17,0.599,0EgNmGWjnYm3FMyaOW5xsM,
694,Diamonds,Rihanna,2023-02-17,0.393,1z9kQ14XBSN0r2v6fx4IdG,
695,Фортеця Бахмут,Antytila,2023-02-24,0.595,44FopWyaddRoiuNrD8hlUw,
696,Чекає вдома (feat. DOVI),"YAKTAK, DOVI",2023-02-24,0.702,5F9CLUvuRyku0ZdT4ljPQt,
697,Чути гімн,SKOFKA,2023-02-24,0.422,4Yzlz45QgjUKZmN2KrK4AP,
698,Flowers,Miley Cyrus,2023-02-24,0.632,7DSAEUvxU8FajXtRloy8M0,
699,Там у тополі,"Artem Pivovarov, NK",2023-02-24,0.655,4TP5hCUeQ6QwYzPkTfxG6G,
700,Додому,Wellboy,2023-02-24,0.219,6gtK39SLszESqJFu2SkId3,
701,вотсап,DOROFEEVA,2023-02-24,0.142,7iGdK8FeeKfWiLR3Ax6phw,
702,Щоб не було,DOROFEEVA,2023-02-24,0.381,7krNeHssTmY3ijTox4OBbD,
703,High Come Down,Chico & Coolwadda,2023-02-24,0.667,4gc19xZ8SvONdW6ZVHlYSO,
704,Біля серця,KOLA,2023-02-24,0.598,20SSuP71R4A88qHQu4BKY6,
705,Батьківщина,"SKOFKA, KALUSH",2023-02-24,0.502,33s2G0h9EOdyaKlKr15ngE,
706,Вечорниці - Добрий день Everybody,"100лиця, SKYLERR",2023-02-24,0.336,64Qnw6jO2dnkjV9una5peq,
707,Кукла колдуна,Korol i Shut,2023-02-24,0.635,2DYzsMQpO7xOw7b3JwyIWP,
708,"Ти щаслива будеш - Гай, зелений гай",Dima PROKOPOV,2023-02-24,0.492,2TTuBKeQWoukafWDPufIlq,
709,Рандеву,Artem Pivovarov,2023-02-24,0.684,3R02XSW0lDknR5ZVFiTVrc,
710,Маніфест,Artem Pivovarov,2023-02-24,0.422,0pWMr82unREASQGFJrrI5S,
711,Гарно так,CHEEV,2023-02-24,0.798,3yRDM5tBS7H8HG64y3x9kw,
712,MIDDLE OF THE NIGHT,Elley Duhé,2023-02-24,0.0899,58HvfVOeJY7lUuCqF0m3ly,
713,Вишнi,Wellboy,2023-02-24,0.635,1xHs6PLjlvqihewyitoP3A,
714,Hypnotized,"Purple Disco Machine, Sophie and the Giants",2023-02-24,0.707,7HxWZggiHyGWT9ZSmWzcxu,
715,Зай - Shnaps Remix,"Анна Трінчер, Shnaps",2023-02-24,0.678,04M7w39gAe2CUkf9AXJKCZ,
716,Shot a friend,Holy Molly,2023-02-24,0.463,27yUNsQo2CPPokNw69M23X,
717,Voin,"YARMAK, TARABAROVA",2023-02-24,0.358,6mxPj26zVw51cqeRxxNOed,
718,Незламна,ЛЮСЯ КАВА,2023-02-24,0.276,3uFBrdXhDkmuN6xxUgS9rs,
719,Пробач,YAKTAK,2023-02-24,0.134,5pN1b9d11LxVNg24kIvyiE,
720,Heavy Metal Love,twocolors,2023-02-24,0.457,07VcTAooOBP8hIluuUS5xr,
721,Враже (енджі крейда cover),Damidas,2023-02-24,0.12,0ekzVQWGaD6oHBINV8JY5h,
722,Пишу тобі листа - Rap Edition,"Ivan NAVI, ХАС",2023-02-24,0.422,48xn7zMEnr2goU2WX0Njn3,
723,Невідомий Герой,PTASHKIN,2023-02-24,0.562,0fDfRB7OwD9HU6eXiqY7fY,
724,Гуляли,KOZAK SIROMAHA,2023-02-24,0.675,6xnczQ0seXKiu4sPnYEyui,
725,Бахмут,Spiv Brativ,2023-02-24,0.524,1w8Dgp27eGiKu51jZHFSsZ,
726,Повільно,Adam,2023-02-24,0.481,0NYvacFqoJdJggiOynzbur,
727,Який ти козак,"Анна Трінчер, POSITIFF",2023-02-24,0.463,56jFeULddnrAOxtlLmTCFC,
728,ЗА ДЕНЬГИ ДА,INSTASAMKA,2023-02-24,0.314,4PGzoH4hL1vORGOTxHdWjB,
729,Монро,Slavik Pogosov,2023-02-24,0.118,5sQpS3fyw6VBpPioNlrCn1,
730,Ой на горі,Artem Pivovarov,2023-02-24,0.469,1kTtW9kzGGxbQISdhe8pzG,
731,Не забудем і не пробачим,SKOFKA,2023-02-24,0.543,6KvQKU21c1ZGEoOajKfim0,
732,Хай нам брате пощастить,YARMAK,2023-02-24,0.551,3xsJI27A38XFbE3CsUGwXi,
733,Марічка,Patsyki Z Franeka,2023-02-24,0.466,2WoksKIDPQ8o90cqDbgE7L,
734,Чорне і біле,ZOZULYA,2023-02-24,0.139,7inT18SoRHT6PEE0F9J8Xs,
735,Infinity,Jaymes Young,2023-02-24,0.494,1SOClUWhOi8vHZYMz3GluK,
736,Stefania (Kalush Orchestra),"KALUSH, Kalush Orchestra",2023-02-24,0.324,2vHzOWRKYPLu8umRPIFuOq,
737,По барам,ANNA ASTI,2023-02-24,0.428,4zOLAk87gHl97sbqmntbJG,
738,As It Was,Harry Styles,2023-02-24,0.662,4Dvkj6JhhA12EX05fT7y2e,
808,Voin,"YARMAK, TARABAROVA",2023-03-03,0.358,6mxPj26zVw51cqeRxxNOed,
739,Цей сон - Radio Edit,"Леся Нікітюк, Степан Гіга",2023-02-24,0.627,3T5Fm5kBmenqaVCCwc2Cov,
740,Доброго вечора - Where Are You From,PROBASS ∆ HARDI,2023-02-24,0.406,0O3TZYgwaRadNprRONZ7iX,
741,MMM,Minelli,2023-02-24,0.661,2wtjKTnfYimgKi9cPxPBPV,
742,Ванька-Встанька,Маша Кондратенко,2023-02-24,0.62,00ZFbk7oYrtx8nup5y58BO,
743,Силуети,"SadSvit, СТРУКТУРА ЩАСТЯ",2023-02-24,0.387,61BaxM1NIcadLu3gtWm2uT,
744,Лелека,"MamaRika, YAKTAK",2023-02-24,0.542,13gy7wNdXhofTQyWHK1UbP,
745,Троянди,100лиця,2023-02-24,0.306,3pube0HS3OSWDVIpQfU0Q0,
746,Not About Us - Byjoelmichael Remix,"Alis Shuka, Byjoelmichael",2023-02-24,0.348,4iwY29UTTw5N9ZGtMsAqCF,
747,Кришталь,NK,2023-02-24,0.609,1ixJTPRUzQfa7a1wwhLs9B,
748,Cold Heart - PNAU Remix,"Elton John, Dua Lipa, PNAU",2023-02-24,0.942,6zSpb8dQRaw0M1dK8PBwQz,
749,Won't Forget You (Edit),Shouse,2023-02-24,0.555,3I10tZ5MgEMo4WryCNJkZQ,
750,Alugalug Cat (Symphonic Mashup),The Kiffness,2023-02-24,0.519,4V9kve9oiv2k4zyY0JEwqP,
751,По-Українськи,LOBODA,2023-02-24,0.452,1ASG42jBAOma0q3D9c46wM,
752,Моя країна,Arsen Mirzoyan,2023-02-24,0.513,1MBiKjChdXChGDwxJxm9ib,
753,"Там, де",Ivan NAVI,2023-02-24,0.814,3mYqEtddAhUoLHkPLdARQn,
754,"How Long - From""Euphoria"" An HBO Original Series",Tove Lo,2023-02-24,0.468,05eZlxyjbkHMPCnunUasCS,
755,Відьма,Vsivdoma,2023-02-24,0.667,2oU2e0WRQAoBnCnNvcsu0x,
756,"Як ти, херсоне?",Spiv Brativ,2023-02-24,0.584,6Ulg8SiNJGEg7eDpnEB9aU,
757,Добрий день Everybody,"Мюслі UA, VASIA CHARISMA",2023-02-24,0.572,7xIlDDAM1RpASn4o16S2F3,
758,In The Shadows Of Ukraine (feat. The Rasmus),"KALUSH, Kalush Orchestra, The Rasmus",2023-02-24,0.758,5dSOtyf70O6fG1xm4xFeTD,
759,Where Did You Go? (feat. MNEK),"Jax Jones, MNEK",2023-02-24,0.502,3sa06xVNmLLYIxdNNmVQN8,
760,Окупанту,MBreeze,2023-02-24,0.968,09NXCjWIBMQDQLOv6AMyDN,
761,Love Tonight (David Guetta Remix Edit),"Shouse, David Guetta",2023-02-24,0.0348,2prnn41CblB8B4yWACDljP,
762,Creepin' (with The Weeknd & 21 Savage),"Metro Boomin, The Weeknd, 21 Savage",2023-02-24,0.172,2dHHgzDwk4BJdRwy9uXhTO,
763,Свята Джавеліна,TaRuta,2023-02-24,0.967,3QhPhr3hTKp8e07xKpulWz,
764,"Мова вітру - З м/ф ""Мавка. Лісова пісня""","Artem Pivovarov, Khrystyna Soloviy",2023-02-24,0.214,7n1uVnlAdVdp6w7NNQr7oD,
765,Мрієшся,CHEEV,2023-02-24,0.326,6BGf2maOpSS5aznYkv9BfR,
766,Молюся і вірю,"IKSIY, SESTRA, BITZ",2023-02-24,0.547,32EazktY43tJKcjNnWrntm,
767,Моя Украïна,"TamerlanAlena, Andi Vax",2023-02-24,0.442,5vmTyrE2mSg9wvAFNLRaOr,
768,As It Was,Harry Styles,2023-02-24,0.662,4Dvkj6JhhA12EX05fT7y2e,
769,Враже (енджі крейда cover),Damidas,2023-02-24,0.12,0ekzVQWGaD6oHBINV8JY5h,
770,ily (i love you baby) (Topic Remix) [feat. Emilee],"Surf Mesa, Topic, Emilee",2023-02-24,0.589,4TpXLhpLYQPMHM1A8W9J84,
771,Джеральдіна,Arsen Mirzoyan,2023-02-24,0.323,0S5xP1mN9mqQlmklHyJeJL,
772,Засвіт встали козаченьки,KOZAK SIROMAHA,2023-02-24,0.137,3ScGiic29qiYRgtP5Qm6cE,
773,The Motto - Robert Georgescu & White Remix,"Tiësto, Ava Max, Robert Georgescu & White",2023-02-24,0.828,6jiiZursE0NfrjmThWe8f6,
774,Кружит,MONATIK,2023-02-24,0.694,2MvXw1lGFDRasfQviQptIh,
775,Люди як кораблі,Antytila,2023-02-24,0.418,6iXggLYvLeiccxZq61pl2i,
776,Rampampam,Minelli,2023-02-24,0.437,1esZgaqm0YKN87CIP3orJ3,
777,Тебе - собі,KOLA,2023-02-24,0.116,5YKrl96QnEDPQNYKTCfokP,
778,Воїни світла,Lyapis Trubetskoy,2023-02-24,0.403,64hFcUEAhSODWUm4ZtqEaH,
779,Живи,YULIYA ROZNEN,2023-02-24,0.255,4gAftAo7JKij3ubl7iLQEZ,
780,abcdefu,GAYLE,2023-02-24,0.415,4fouWK6XVHhzl78KzQ1UjL,
781,2step (feat. Antytila),"Ed Sheeran, Antytila",2023-02-24,0.599,0EgNmGWjnYm3FMyaOW5xsM,
782,Fool Me Once,Olivia Addams,2023-02-24,0.609,2ceMvjyfDeGVFmscZY438U,
783,Народна,ЛЮСЯ КАВА,2023-02-24,0.489,4GU8TwA4SywyeUxHV0hmt1,
784,Люди як кораблі,ROXOLANA,2023-02-24,0.279,2UPmXUsX6ZBqWuX6LsEw1T,
785,На небі,Okean Elzy,2023-02-24,0.548,307BZpDAtO3OwRs2wrV1S9,
786,Фортеця Бахмут,Antytila,2023-03-03,0.595,44FopWyaddRoiuNrD8hlUw,
787,Чекає вдома (feat. DOVI),"YAKTAK, DOVI",2023-03-03,0.702,5F9CLUvuRyku0ZdT4ljPQt,
788,Там у тополі,"Artem Pivovarov, NK",2023-03-03,0.655,4TP5hCUeQ6QwYzPkTfxG6G,
789,Чути гімн,SKOFKA,2023-03-03,0.422,4Yzlz45QgjUKZmN2KrK4AP,
790,Додому,Wellboy,2023-03-03,0.219,6gtK39SLszESqJFu2SkId3,
791,Flowers,Miley Cyrus,2023-03-03,0.632,7DSAEUvxU8FajXtRloy8M0,
792,вотсап,DOROFEEVA,2023-03-03,0.142,7iGdK8FeeKfWiLR3Ax6phw,
793,"Гей, соколи!","Олександр Пономарьов, Mykhailo Khoma",2023-03-03,0.25,52svW6CzofE8R7hXXwGgxR,
794,Щоб не було,DOROFEEVA,2023-03-03,0.381,7krNeHssTmY3ijTox4OBbD,
795,Батьківщина,"SKOFKA, KALUSH",2023-03-03,0.502,33s2G0h9EOdyaKlKr15ngE,
796,High Come Down,Chico & Coolwadda,2023-03-03,0.667,4gc19xZ8SvONdW6ZVHlYSO,
797,Біля серця,KOLA,2023-03-03,0.598,20SSuP71R4A88qHQu4BKY6,
798,Рандеву,Artem Pivovarov,2023-03-03,0.684,3R02XSW0lDknR5ZVFiTVrc,
799,Пробач,YAKTAK,2023-03-03,0.134,5pN1b9d11LxVNg24kIvyiE,
800,Вечорниці - Добрий день Everybody,"100лиця, SKYLERR",2023-03-03,0.336,64Qnw6jO2dnkjV9una5peq,
801,"Ти щаслива будеш - Гай, зелений гай",Dima PROKOPOV,2023-03-03,0.492,2TTuBKeQWoukafWDPufIlq,
802,Кукла колдуна,Korol i Shut,2023-03-03,0.635,2DYzsMQpO7xOw7b3JwyIWP,
803,Гарно так,CHEEV,2023-03-03,0.798,3yRDM5tBS7H8HG64y3x9kw,
804,Маніфест,Artem Pivovarov,2023-03-03,0.422,0pWMr82unREASQGFJrrI5S,
805,Shot a friend,Holy Molly,2023-03-03,0.463,27yUNsQo2CPPokNw69M23X,
806,Hypnotized,"Purple Disco Machine, Sophie and the Giants",2023-03-03,0.707,7HxWZggiHyGWT9ZSmWzcxu,
809,Зай - Shnaps Remix,"Анна Трінчер, Shnaps",2023-03-03,0.678,04M7w39gAe2CUkf9AXJKCZ,
810,Heavy Metal Love,twocolors,2023-03-03,0.457,07VcTAooOBP8hIluuUS5xr,
811,Незламна,ЛЮСЯ КАВА,2023-03-03,0.276,3uFBrdXhDkmuN6xxUgS9rs,
812,Враже (енджі крейда cover),Damidas,2023-03-03,0.12,0ekzVQWGaD6oHBINV8JY5h,
813,MIDDLE OF THE NIGHT,Elley Duhé,2023-03-03,0.0899,58HvfVOeJY7lUuCqF0m3ly,
814,Відьма,Vsivdoma,2023-03-03,0.667,2oU2e0WRQAoBnCnNvcsu0x,
815,Невідомий Герой,PTASHKIN,2023-03-03,0.562,0fDfRB7OwD9HU6eXiqY7fY,
816,ЗА ДЕНЬГИ ДА,INSTASAMKA,2023-03-03,0.314,4PGzoH4hL1vORGOTxHdWjB,
817,Бахмут,Spiv Brativ,2023-03-03,0.524,1w8Dgp27eGiKu51jZHFSsZ,
818,Гуляли,KOZAK SIROMAHA,2023-03-03,0.675,6xnczQ0seXKiu4sPnYEyui,
819,Повільно,Adam,2023-03-03,0.481,0NYvacFqoJdJggiOynzbur,
820,Ой на горі,Artem Pivovarov,2023-03-03,0.469,1kTtW9kzGGxbQISdhe8pzG,
821,MMM,Minelli,2023-03-03,0.661,2wtjKTnfYimgKi9cPxPBPV,
822,Не забудем і не пробачим,SKOFKA,2023-03-03,0.543,6KvQKU21c1ZGEoOajKfim0,
823,Марічка,Patsyki Z Franeka,2023-03-03,0.466,2WoksKIDPQ8o90cqDbgE7L,
824,Доброго вечора - Where Are You From,PROBASS ∆ HARDI,2023-03-03,0.406,0O3TZYgwaRadNprRONZ7iX,
825,Stefania (Kalush Orchestra),"KALUSH, Kalush Orchestra",2023-03-03,0.324,2vHzOWRKYPLu8umRPIFuOq,
826,По барам,ANNA ASTI,2023-03-03,0.428,4zOLAk87gHl97sbqmntbJG,
827,As It Was,Harry Styles,2023-03-03,0.662,4Dvkj6JhhA12EX05fT7y2e,
828,Монро,Slavik Pogosov,2023-03-03,0.118,5sQpS3fyw6VBpPioNlrCn1,
829,Чорне і біле,ZOZULYA,2023-03-03,0.139,7inT18SoRHT6PEE0F9J8Xs,
830,Цей сон - Radio Edit,"Леся Нікітюк, Степан Гіга",2023-03-03,0.627,3T5Fm5kBmenqaVCCwc2Cov,
831,Not About Us - Byjoelmichael Remix,"Alis Shuka, Byjoelmichael",2023-03-03,0.348,4iwY29UTTw5N9ZGtMsAqCF,
832,Троянди,100лиця,2023-03-03,0.306,3pube0HS3OSWDVIpQfU0Q0,
833,Кришталь,NK,2023-03-03,0.609,1ixJTPRUzQfa7a1wwhLs9B,
834,Ванька-Встанька,Маша Кондратенко,2023-03-03,0.62,00ZFbk7oYrtx8nup5y58BO,
835,"Мова вітру - З м/ф ""Мавка. Лісова пісня""","Artem Pivovarov, Khrystyna Soloviy",2023-03-03,0.214,7n1uVnlAdVdp6w7NNQr7oD,
836,Лелека,"MamaRika, YAKTAK",2023-03-03,0.542,13gy7wNdXhofTQyWHK1UbP,
837,"Як ти, херсоне?",Spiv Brativ,2023-03-03,0.584,6Ulg8SiNJGEg7eDpnEB9aU,
838,Добрий день Everybody,"Мюслі UA, VASIA CHARISMA",2023-03-03,0.572,7xIlDDAM1RpASn4o16S2F3,
839,Моя країна,Arsen Mirzoyan,2023-03-03,0.513,1MBiKjChdXChGDwxJxm9ib,
840,Легковажна,SKAI,2023-03-03,0.563,4v46N2yKTs6bAupAw9DTcm,
841,Силуети,"SadSvit, СТРУКТУРА ЩАСТЯ",2023-03-03,0.387,61BaxM1NIcadLu3gtWm2uT,
842,Infinity,Jaymes Young,2023-03-03,0.494,1SOClUWhOi8vHZYMz3GluK,
843,Love Tonight (David Guetta Remix Edit),"Shouse, David Guetta",2023-03-03,0.0348,2prnn41CblB8B4yWACDljP,
844,"How Long - From""Euphoria"" An HBO Original Series",Tove Lo,2023-03-03,0.468,05eZlxyjbkHMPCnunUasCS,
845,Хай нам брате пощастить,YARMAK,2023-03-03,0.551,3xsJI27A38XFbE3CsUGwXi,
846,Враже (енджі крейда cover),Damidas,2023-03-03,0.12,0ekzVQWGaD6oHBINV8JY5h,
847,Окупанту,MBreeze,2023-03-03,0.968,09NXCjWIBMQDQLOv6AMyDN,
848,Cold Heart - PNAU Remix,"Elton John, Dua Lipa, PNAU",2023-03-03,0.942,6zSpb8dQRaw0M1dK8PBwQz,
849,Без неї ніяк,BEZ OBMEZHEN,2023-03-03,0.497,20UZZf0rdvLVBKofYUHzvK,
850,Creepin' (with The Weeknd & 21 Savage),"Metro Boomin, The Weeknd, 21 Savage",2023-03-03,0.172,2dHHgzDwk4BJdRwy9uXhTO,
851,Кружит,MONATIK,2023-03-03,0.694,2MvXw1lGFDRasfQviQptIh,
852,BRONIA,"Jerry Heil, Ochman",2023-03-03,0.35,0uQXfbs3IbUcDqe8jx0Z4C,
853,Живи,YULIYA ROZNEN,2023-03-03,0.255,4gAftAo7JKij3ubl7iLQEZ,
854,Молюся і вірю,"IKSIY, SESTRA, BITZ",2023-03-03,0.547,32EazktY43tJKcjNnWrntm,
855,Моя Украïна,"TamerlanAlena, Andi Vax",2023-03-03,0.442,5vmTyrE2mSg9wvAFNLRaOr,
856,На белом,"Kaspiyskiy Gruz, Gio Pika",2023-03-03,0.675,5scQN08xNRz7Qm7YkBoLdl,
857,As It Was,Harry Styles,2023-03-03,0.662,4Dvkj6JhhA12EX05fT7y2e,
858,Мрієшся,CHEEV,2023-03-03,0.326,6BGf2maOpSS5aznYkv9BfR,
859,Where Did You Go? (feat. MNEK),"Jax Jones, MNEK",2023-03-03,0.502,3sa06xVNmLLYIxdNNmVQN8,
860,Пишу тобі листа - Rap Edition,"Ivan NAVI, ХАС",2023-03-03,0.422,48xn7zMEnr2goU2WX0Njn3,
861,"Там, де",Ivan NAVI,2023-03-03,0.814,3mYqEtddAhUoLHkPLdARQn,
862,Won't Forget You (Edit),Shouse,2023-03-03,0.555,3I10tZ5MgEMo4WryCNJkZQ,
863,Fool Me Once,Olivia Addams,2023-03-03,0.609,2ceMvjyfDeGVFmscZY438U,
864,Лампочки,MASHA DANILOVA,2023-03-03,0.273,5VR3B1lFGb5PBYqZ1Bszun,
865,Джеральдіна,Arsen Mirzoyan,2023-03-03,0.323,0S5xP1mN9mqQlmklHyJeJL,
866,The Motto - Robert Georgescu & White Remix,"Tiësto, Ava Max, Robert Georgescu & White",2023-03-03,0.828,6jiiZursE0NfrjmThWe8f6,
867,In The Shadows Of Ukraine (feat. The Rasmus),"KALUSH, Kalush Orchestra, The Rasmus",2023-03-03,0.758,5dSOtyf70O6fG1xm4xFeTD,
868,Залужний,The Borsch,2023-03-03,0.705,39s5QxB2K3VRkoQhhFtlLF,
869,Ocean Drive,Duke Dumont,2023-03-03,0.624,4b93D55xv3YCH5mT4p6HPn,
870,Changes,"KALUSH, Kalush Orchestra",2023-03-03,0.799,3BBC1QD0gNf0Vd4cQX2pif,
871,Отключаю телефон,INSTASAMKA,2023-03-03,0.426,7qwlUHDJI8aKwpuYVzuvoe,
872,Ну ж бо,KOZAK SIROMAHA,2023-03-03,0.197,0ECRHefbQyLL1n0yAVEsQ7,
873,Rampampam,Minelli,2023-03-03,0.437,1esZgaqm0YKN87CIP3orJ3,
874,Alugalug Cat (Symphonic Mashup),The Kiffness,2023-03-03,0.519,4V9kve9oiv2k4zyY0JEwqP,
875,Свята Джавеліна,TaRuta,2023-03-03,0.967,3QhPhr3hTKp8e07xKpulWz,
876,Воїни світла,Lyapis Trubetskoy,2023-03-03,0.403,64hFcUEAhSODWUm4ZtqEaH,
877,Народна,ЛЮСЯ КАВА,2023-03-03,0.489,4GU8TwA4SywyeUxHV0hmt1,
878,На небі,Okean Elzy,2023-03-03,0.548,307BZpDAtO3OwRs2wrV1S9,
879,Фортеця Бахмут,Antytila,2023-03-10,0.595,44FopWyaddRoiuNrD8hlUw,
880,Чекає вдома (feat. DOVI),"YAKTAK, DOVI",2023-03-10,0.702,5F9CLUvuRyku0ZdT4ljPQt,
881,Там у тополі,"Artem Pivovarov, NK",2023-03-10,0.655,4TP5hCUeQ6QwYzPkTfxG6G,
882,Чути гімн,SKOFKA,2023-03-10,0.422,4Yzlz45QgjUKZmN2KrK4AP,
883,Додому,Wellboy,2023-03-10,0.219,6gtK39SLszESqJFu2SkId3,
884,Flowers,Miley Cyrus,2023-03-10,0.632,7DSAEUvxU8FajXtRloy8M0,
885,Пробач,YAKTAK,2023-03-10,0.134,5pN1b9d11LxVNg24kIvyiE,
886,вотсап,DOROFEEVA,2023-03-10,0.142,7iGdK8FeeKfWiLR3Ax6phw,
887,Біля серця,KOLA,2023-03-10,0.598,20SSuP71R4A88qHQu4BKY6,
888,High Come Down,Chico & Coolwadda,2023-03-10,0.667,4gc19xZ8SvONdW6ZVHlYSO,
889,Рандеву,Artem Pivovarov,2023-03-10,0.684,3R02XSW0lDknR5ZVFiTVrc,
890,"Ти щаслива будеш - Гай, зелений гай",Dima PROKOPOV,2023-03-10,0.492,2TTuBKeQWoukafWDPufIlq,
891,Батьківщина,"SKOFKA, KALUSH",2023-03-10,0.502,33s2G0h9EOdyaKlKr15ngE,
892,Щоб не було,DOROFEEVA,2023-03-10,0.381,7krNeHssTmY3ijTox4OBbD,
893,Вечорниці - Добрий день Everybody,"100лиця, SKYLERR",2023-03-10,0.336,64Qnw6jO2dnkjV9una5peq,
894,Маніфест,Artem Pivovarov,2023-03-10,0.422,0pWMr82unREASQGFJrrI5S,
895,Кукла колдуна,Korol i Shut,2023-03-10,0.635,2DYzsMQpO7xOw7b3JwyIWP,
896,Гарно так,CHEEV,2023-03-10,0.798,3yRDM5tBS7H8HG64y3x9kw,
897,Вишнi,Wellboy,2023-03-10,0.635,1xHs6PLjlvqihewyitoP3A,
898,Hypnotized,"Purple Disco Machine, Sophie and the Giants",2023-03-10,0.707,7HxWZggiHyGWT9ZSmWzcxu,
899,Shot a friend,Holy Molly,2023-03-10,0.463,27yUNsQo2CPPokNw69M23X,
900,Парова Машина,"TeeKai, Ярина Квасній",2023-03-10,0.381,0YhWCf8ZpfW03yzRuF3nsO,
901,Два вікна,The Hardkiss,2023-03-10,0.219,3gwHKlGINfCgBwBeEJ101L,
902,Voin,"YARMAK, TARABAROVA",2023-03-10,0.358,6mxPj26zVw51cqeRxxNOed,
903,Зай - Shnaps Remix,"Анна Трінчер, Shnaps",2023-03-10,0.678,04M7w39gAe2CUkf9AXJKCZ,
904,Незламна,ЛЮСЯ КАВА,2023-03-10,0.276,3uFBrdXhDkmuN6xxUgS9rs,
905,Heavy Metal Love,twocolors,2023-03-10,0.457,07VcTAooOBP8hIluuUS5xr,
906,Повільно,Adam,2023-03-10,0.481,0NYvacFqoJdJggiOynzbur,
907,Відьма,Vsivdoma,2023-03-10,0.667,2oU2e0WRQAoBnCnNvcsu0x,
908,Враже (енджі крейда cover),Damidas,2023-03-10,0.12,0ekzVQWGaD6oHBINV8JY5h,
909,Чорне і біле,ZOZULYA,2023-03-10,0.139,7inT18SoRHT6PEE0F9J8Xs,
910,Бахмут,Spiv Brativ,2023-03-10,0.524,1w8Dgp27eGiKu51jZHFSsZ,
911,MIDDLE OF THE NIGHT,Elley Duhé,2023-03-10,0.0899,58HvfVOeJY7lUuCqF0m3ly,
912,Троянди,100лиця,2023-03-10,0.306,3pube0HS3OSWDVIpQfU0Q0,
913,Марічка,Patsyki Z Franeka,2023-03-10,0.466,2WoksKIDPQ8o90cqDbgE7L,
914,BRONIA,"Jerry Heil, Ochman",2023-03-10,0.35,0uQXfbs3IbUcDqe8jx0Z4C,
915,Гуляли,KOZAK SIROMAHA,2023-03-10,0.675,6xnczQ0seXKiu4sPnYEyui,
916,"Мова вітру - З м/ф ""Мавка. Лісова пісня""","Artem Pivovarov, Khrystyna Soloviy",2023-03-10,0.214,7n1uVnlAdVdp6w7NNQr7oD,
917,Не забудем і не пробачим,SKOFKA,2023-03-10,0.543,6KvQKU21c1ZGEoOajKfim0,
918,По барам,ANNA ASTI,2023-03-10,0.428,4zOLAk87gHl97sbqmntbJG,
919,Ой на горі,Artem Pivovarov,2023-03-10,0.469,1kTtW9kzGGxbQISdhe8pzG,
920,MMM,Minelli,2023-03-10,0.661,2wtjKTnfYimgKi9cPxPBPV,
921,Stefania (Kalush Orchestra),"KALUSH, Kalush Orchestra",2023-03-10,0.324,2vHzOWRKYPLu8umRPIFuOq,
922,Невідомий Герой,PTASHKIN,2023-03-10,0.562,0fDfRB7OwD9HU6eXiqY7fY,
923,Not About Us - Byjoelmichael Remix,"Alis Shuka, Byjoelmichael",2023-03-10,0.348,4iwY29UTTw5N9ZGtMsAqCF,
924,Кришталь,NK,2023-03-10,0.609,1ixJTPRUzQfa7a1wwhLs9B,
925,Кружит,MONATIK,2023-03-10,0.694,2MvXw1lGFDRasfQviQptIh,
926,Цей сон - Radio Edit,"Леся Нікітюк, Степан Гіга",2023-03-10,0.627,3T5Fm5kBmenqaVCCwc2Cov,
927,ЗА ДЕНЬГИ ДА,INSTASAMKA,2023-03-10,0.314,4PGzoH4hL1vORGOTxHdWjB,
928,Доброго вечора - Where Are You From,PROBASS ∆ HARDI,2023-03-10,0.406,0O3TZYgwaRadNprRONZ7iX,
929,Монро,Slavik Pogosov,2023-03-10,0.118,5sQpS3fyw6VBpPioNlrCn1,
930,Infinity,Jaymes Young,2023-03-10,0.494,1SOClUWhOi8vHZYMz3GluK,
931,Cold Heart - PNAU Remix,"Elton John, Dua Lipa, PNAU",2023-03-10,0.942,6zSpb8dQRaw0M1dK8PBwQz,
932,Силуети,"SadSvit, СТРУКТУРА ЩАСТЯ",2023-03-10,0.387,61BaxM1NIcadLu3gtWm2uT,
933,As It Was,Harry Styles,2023-03-10,0.662,4Dvkj6JhhA12EX05fT7y2e,
934,Ванька-Встанька,Маша Кондратенко,2023-03-10,0.62,00ZFbk7oYrtx8nup5y58BO,
935,Незамінних,MAYOROVA,2023-03-10,0.603,6BCdDTHouLa0Ztxu6uTxOd,
936,Враже (енджі крейда cover),Damidas,2023-03-10,0.12,0ekzVQWGaD6oHBINV8JY5h,
937,"How Long - From""Euphoria"" An HBO Original Series",Tove Lo,2023-03-10,0.468,05eZlxyjbkHMPCnunUasCS,
938,As It Was,Harry Styles,2023-03-10,0.662,4Dvkj6JhhA12EX05fT7y2e,
939,Пишу тобі листа - Rap Edition,"Ivan NAVI, ХАС",2023-03-10,0.422,48xn7zMEnr2goU2WX0Njn3,
940,Легковажна,SKAI,2023-03-10,0.563,4v46N2yKTs6bAupAw9DTcm,
941,інша любов,ENLEO,2023-03-10,0.117,6JrGELYUIbZvBV74j4Q5LN,
942,"Гей, соколи!","Олександр Пономарьов, Mykhailo Khoma",2023-03-10,0.25,52svW6CzofE8R7hXXwGgxR,
943,Місяць на небі,Artem Pivovarov,2023-03-10,0.0396,2qj7j73NDERMoiTC5kJdzH,
944,Where Did You Go? (feat. MNEK),"Jax Jones, MNEK",2023-03-10,0.502,3sa06xVNmLLYIxdNNmVQN8,
945,Лелека,"MamaRika, YAKTAK",2023-03-10,0.542,13gy7wNdXhofTQyWHK1UbP,
946,Won't Forget You (Edit),Shouse,2023-03-10,0.555,3I10tZ5MgEMo4WryCNJkZQ,
947,На белом,"Kaspiyskiy Gruz, Gio Pika",2023-03-10,0.675,5scQN08xNRz7Qm7YkBoLdl,
948,Creepin' (with The Weeknd & 21 Savage),"Metro Boomin, The Weeknd, 21 Savage",2023-03-10,0.172,2dHHgzDwk4BJdRwy9uXhTO,
949,Fool Me Once,Olivia Addams,2023-03-10,0.609,2ceMvjyfDeGVFmscZY438U,
950,Моя країна,Arsen Mirzoyan,2023-03-10,0.513,1MBiKjChdXChGDwxJxm9ib,
951,Хай нам брате пощастить,YARMAK,2023-03-10,0.551,3xsJI27A38XFbE3CsUGwXi,
952,Добрий день Everybody,"Мюслі UA, VASIA CHARISMA",2023-03-10,0.572,7xIlDDAM1RpASn4o16S2F3,
953,Моя Украïна,"TamerlanAlena, Andi Vax",2023-03-10,0.442,5vmTyrE2mSg9wvAFNLRaOr,
954,Окупанту,MBreeze,2023-03-10,0.968,09NXCjWIBMQDQLOv6AMyDN,
955,ily (i love you baby) (Topic Remix) [feat. Emilee],"Surf Mesa, Topic, Emilee",2023-03-10,0.589,4TpXLhpLYQPMHM1A8W9J84,
956,Листопадом,Gio Pika,2023-03-10,0.526,4RARkHhFbZFR7A2C5ySla2,
957,Alugalug Cat (Symphonic Mashup),The Kiffness,2023-03-10,0.519,4V9kve9oiv2k4zyY0JEwqP,
958,Жовті мальви,Wellboy,2023-03-10,0.527,0AOdFwG2mTBtF4NFCqYvpl,
959,Ты так красива,Quest Pistols,2023-03-10,0.785,73O5XIJJGhN7oFqkhffMi1,
960,Love Tonight (David Guetta Remix Edit),"Shouse, David Guetta",2023-03-10,0.0348,2prnn41CblB8B4yWACDljP,
961,"Там, де",Ivan NAVI,2023-03-10,0.814,3mYqEtddAhUoLHkPLdARQn,
962,Heart of Steel,TVORCHI,2023-03-10,0.338,155yInH5aDNEI1MkcX6NNk,
963,Секрет,Druha Rika,2023-03-10,0.0626,4oKWt2qEQiIftqzkdKQdcs,
964,The Motto - Robert Georgescu & White Remix,"Tiësto, Ava Max, Robert Georgescu & White",2023-03-10,0.828,6jiiZursE0NfrjmThWe8f6,
965,Без неї ніяк,BEZ OBMEZHEN,2023-03-10,0.497,20UZZf0rdvLVBKofYUHzvK,
966,abcdefu,GAYLE,2023-03-10,0.415,4fouWK6XVHhzl78KzQ1UjL,
967,Rampampam,Minelli,2023-03-10,0.437,1esZgaqm0YKN87CIP3orJ3,
968,Love Again,Dua Lipa,2023-03-10,0.468,4rPkN1FMzQyFNP9cLUGIIB,
969,Лента за Лентою,ХАС,2023-03-10,0.703,0WcUxXoHhMbDQZxecUGbok,
970,Ocean Drive,Duke Dumont,2023-03-10,0.624,4b93D55xv3YCH5mT4p6HPn,
971,Regardless - Liu Remix,"RAYE, Rudimental, Liu",2023-03-10,0.752,7r3rR8Ex6nbBrpm49YAFEL,
972,Фортеця Бахмут,Antytila,2023-03-17,0.595,44FopWyaddRoiuNrD8hlUw,
973,Чекає вдома (feat. DOVI),"YAKTAK, DOVI",2023-03-17,0.702,5F9CLUvuRyku0ZdT4ljPQt,
974,Flowers,Miley Cyrus,2023-03-17,0.632,7DSAEUvxU8FajXtRloy8M0,
975,Там у тополі,"Artem Pivovarov, NK",2023-03-17,0.655,4TP5hCUeQ6QwYzPkTfxG6G,
976,Чути гімн,SKOFKA,2023-03-17,0.422,4Yzlz45QgjUKZmN2KrK4AP,
977,Додому,Wellboy,2023-03-17,0.219,6gtK39SLszESqJFu2SkId3,
978,Пробач,YAKTAK,2023-03-17,0.134,5pN1b9d11LxVNg24kIvyiE,
979,Біля серця,KOLA,2023-03-17,0.598,20SSuP71R4A88qHQu4BKY6,
980,"Ти щаслива будеш - Гай, зелений гай",Dima PROKOPOV,2023-03-17,0.492,2TTuBKeQWoukafWDPufIlq,
981,вотсап,DOROFEEVA,2023-03-17,0.142,7iGdK8FeeKfWiLR3Ax6phw,
982,High Come Down,Chico & Coolwadda,2023-03-17,0.667,4gc19xZ8SvONdW6ZVHlYSO,
983,Щоб не було,DOROFEEVA,2023-03-17,0.381,7krNeHssTmY3ijTox4OBbD,
984,Батьківщина,"SKOFKA, KALUSH",2023-03-17,0.502,33s2G0h9EOdyaKlKr15ngE,
985,Рандеву,Artem Pivovarov,2023-03-17,0.684,3R02XSW0lDknR5ZVFiTVrc,
986,Вечорниці - Добрий день Everybody,"100лиця, SKYLERR",2023-03-17,0.336,64Qnw6jO2dnkjV9una5peq,
987,Кукла колдуна,Korol i Shut,2023-03-17,0.635,2DYzsMQpO7xOw7b3JwyIWP,
988,Два вікна,The Hardkiss,2023-03-17,0.219,3gwHKlGINfCgBwBeEJ101L,
989,Маніфест,Artem Pivovarov,2023-03-17,0.422,0pWMr82unREASQGFJrrI5S,
990,Гарно так,CHEEV,2023-03-17,0.798,3yRDM5tBS7H8HG64y3x9kw,
991,Вишнi,Wellboy,2023-03-17,0.635,1xHs6PLjlvqihewyitoP3A,
992,Shot a friend,Holy Molly,2023-03-17,0.463,27yUNsQo2CPPokNw69M23X,
993,Повільно,Adam,2023-03-17,0.481,0NYvacFqoJdJggiOynzbur,
994,Парова Машина,"TeeKai, Ярина Квасній",2023-03-17,0.381,0YhWCf8ZpfW03yzRuF3nsO,
995,Heavy Metal Love,twocolors,2023-03-17,0.457,07VcTAooOBP8hIluuUS5xr,
996,Voin,"YARMAK, TARABAROVA",2023-03-17,0.358,6mxPj26zVw51cqeRxxNOed,
997,Зай - Shnaps Remix,"Анна Трінчер, Shnaps",2023-03-17,0.678,04M7w39gAe2CUkf9AXJKCZ,
998,Незламна,ЛЮСЯ КАВА,2023-03-17,0.276,3uFBrdXhDkmuN6xxUgS9rs,
999,Невідомий Герой,PTASHKIN,2023-03-17,0.562,0fDfRB7OwD9HU6eXiqY7fY,
1000,Бахмут,Spiv Brativ,2023-03-17,0.524,1w8Dgp27eGiKu51jZHFSsZ,
1001,Hypnotized,"Purple Disco Machine, Sophie and the Giants",2023-03-17,0.707,7HxWZggiHyGWT9ZSmWzcxu,
1002,Відьма,Vsivdoma,2023-03-17,0.667,2oU2e0WRQAoBnCnNvcsu0x,
1003,Враже (енджі крейда cover),Damidas,2023-03-17,0.12,0ekzVQWGaD6oHBINV8JY5h,
1004,Чорне і біле,ZOZULYA,2023-03-17,0.139,7inT18SoRHT6PEE0F9J8Xs,
1005,Марічка,Patsyki Z Franeka,2023-03-17,0.466,2WoksKIDPQ8o90cqDbgE7L,
1006,Троянди,100лиця,2023-03-17,0.306,3pube0HS3OSWDVIpQfU0Q0,
1007,Гуляли,KOZAK SIROMAHA,2023-03-17,0.675,6xnczQ0seXKiu4sPnYEyui,
1008,Fool Me Once,Olivia Addams,2023-03-17,0.609,2ceMvjyfDeGVFmscZY438U,
1009,MMM,Minelli,2023-03-17,0.661,2wtjKTnfYimgKi9cPxPBPV,
1010,Не забудем і не пробачим,SKOFKA,2023-03-17,0.543,6KvQKU21c1ZGEoOajKfim0,
1011,"Мова вітру - З м/ф ""Мавка. Лісова пісня""","Artem Pivovarov, Khrystyna Soloviy",2023-03-17,0.214,7n1uVnlAdVdp6w7NNQr7oD,
1012,По барам,ANNA ASTI,2023-03-17,0.428,4zOLAk87gHl97sbqmntbJG,
1013,BRONIA,"Jerry Heil, Ochman",2023-03-17,0.35,0uQXfbs3IbUcDqe8jx0Z4C,
1014,Stefania (Kalush Orchestra),"KALUSH, Kalush Orchestra",2023-03-17,0.324,2vHzOWRKYPLu8umRPIFuOq,
1015,Ой на горі,Artem Pivovarov,2023-03-17,0.469,1kTtW9kzGGxbQISdhe8pzG,
1016,Not About Us - Byjoelmichael Remix,"Alis Shuka, Byjoelmichael",2023-03-17,0.348,4iwY29UTTw5N9ZGtMsAqCF,
1017,Доброго вечора - Where Are You From,PROBASS ∆ HARDI,2023-03-17,0.406,0O3TZYgwaRadNprRONZ7iX,
1018,Кружит,MONATIK,2023-03-17,0.694,2MvXw1lGFDRasfQviQptIh,
1019,Хай нам брате пощастить,YARMAK,2023-03-17,0.551,3xsJI27A38XFbE3CsUGwXi,
1020,Цей сон - Radio Edit,"Леся Нікітюк, Степан Гіга",2023-03-17,0.627,3T5Fm5kBmenqaVCCwc2Cov,
1021,Кришталь,NK,2023-03-17,0.609,1ixJTPRUzQfa7a1wwhLs9B,
1022,Пишу тобі листа - Rap Edition,"Ivan NAVI, ХАС",2023-03-17,0.422,48xn7zMEnr2goU2WX0Njn3,
1023,Infinity,Jaymes Young,2023-03-17,0.494,1SOClUWhOi8vHZYMz3GluK,
1024,Враже (енджі крейда cover),Damidas,2023-03-17,0.12,0ekzVQWGaD6oHBINV8JY5h,
1025,ЗА ДЕНЬГИ ДА,INSTASAMKA,2023-03-17,0.314,4PGzoH4hL1vORGOTxHdWjB,
1026,Монро,Slavik Pogosov,2023-03-17,0.118,5sQpS3fyw6VBpPioNlrCn1,
1027,Моя Украïна,"TamerlanAlena, Andi Vax",2023-03-17,0.442,5vmTyrE2mSg9wvAFNLRaOr,
1028,Летять - БомБлять,Andre KRICHE,2023-03-17,0.285,1GPAhOettTBrhc3JIchO7Z,
1029,Легковажна,SKAI,2023-03-17,0.563,4v46N2yKTs6bAupAw9DTcm,
1030,Силуети,"SadSvit, СТРУКТУРА ЩАСТЯ",2023-03-17,0.387,61BaxM1NIcadLu3gtWm2uT,
1031,Незамінних,MAYOROVA,2023-03-17,0.603,6BCdDTHouLa0Ztxu6uTxOd,
1032,Ванька-Встанька,Маша Кондратенко,2023-03-17,0.62,00ZFbk7oYrtx8nup5y58BO,
1033,Where Did You Go? (feat. MNEK),"Jax Jones, MNEK",2023-03-17,0.502,3sa06xVNmLLYIxdNNmVQN8,
1034,Heart of Steel,TVORCHI,2023-03-17,0.338,155yInH5aDNEI1MkcX6NNk,
1035,As It Was,Harry Styles,2023-03-17,0.662,4Dvkj6JhhA12EX05fT7y2e,
1036,Без неї ніяк,BEZ OBMEZHEN,2023-03-17,0.497,20UZZf0rdvLVBKofYUHzvK,
1037,Моя країна,Arsen Mirzoyan,2023-03-17,0.513,1MBiKjChdXChGDwxJxm9ib,
1038,Cold Heart - PNAU Remix,"Elton John, Dua Lipa, PNAU",2023-03-17,0.942,6zSpb8dQRaw0M1dK8PBwQz,
1039,Creepin' (with The Weeknd & 21 Savage),"Metro Boomin, The Weeknd, 21 Savage",2023-03-17,0.172,2dHHgzDwk4BJdRwy9uXhTO,
1040,The Motto - Robert Georgescu & White Remix,"Tiësto, Ava Max, Robert Georgescu & White",2023-03-17,0.828,6jiiZursE0NfrjmThWe8f6,
1041,інша любов,ENLEO,2023-03-17,0.117,6JrGELYUIbZvBV74j4Q5LN,
1042,Лелека,"MamaRika, YAKTAK",2023-03-17,0.542,13gy7wNdXhofTQyWHK1UbP,
1043,Окупанту,MBreeze,2023-03-17,0.968,09NXCjWIBMQDQLOv6AMyDN,
1044,"Там, де",Ivan NAVI,2023-03-17,0.814,3mYqEtddAhUoLHkPLdARQn,
1045,Won't Forget You (Edit),Shouse,2023-03-17,0.555,3I10tZ5MgEMo4WryCNJkZQ,
1046,Добрий день Everybody,"Мюслі UA, VASIA CHARISMA",2023-03-17,0.572,7xIlDDAM1RpASn4o16S2F3,
1047,"Гей, соколи!","Олександр Пономарьов, Mykhailo Khoma",2023-03-17,0.25,52svW6CzofE8R7hXXwGgxR,
1048,Місяць на небі,Artem Pivovarov,2023-03-17,0.0396,2qj7j73NDERMoiTC5kJdzH,
1049,Love Tonight (David Guetta Remix Edit),"Shouse, David Guetta",2023-03-17,0.0348,2prnn41CblB8B4yWACDljP,
1050,На белом,"Kaspiyskiy Gruz, Gio Pika",2023-03-17,0.675,5scQN08xNRz7Qm7YkBoLdl,
1051,Молюся і вірю,"IKSIY, SESTRA, BITZ",2023-03-17,0.547,32EazktY43tJKcjNnWrntm,
1052,"How Long - From""Euphoria"" An HBO Original Series",Tove Lo,2023-03-17,0.468,05eZlxyjbkHMPCnunUasCS,
1053,Свята Джавеліна,TaRuta,2023-03-17,0.967,3QhPhr3hTKp8e07xKpulWz,
1054,Живи,YULIYA ROZNEN,2023-03-17,0.255,4gAftAo7JKij3ubl7iLQEZ,
1055,Залужний,The Borsch,2023-03-17,0.705,39s5QxB2K3VRkoQhhFtlLF,
1056,Воїни світла,Lyapis Trubetskoy,2023-03-17,0.403,64hFcUEAhSODWUm4ZtqEaH,
1057,MIDDLE OF THE NIGHT,Elley Duhé,2023-03-17,0.0899,58HvfVOeJY7lUuCqF0m3ly,
1058,Rampampam,Minelli,2023-03-17,0.437,1esZgaqm0YKN87CIP3orJ3,
1059,Листопадом,Gio Pika,2023-03-17,0.526,4RARkHhFbZFR7A2C5ySla2,
1060,Жовті мальви,Wellboy,2023-03-17,0.527,0AOdFwG2mTBtF4NFCqYvpl,
1061,Мрієшся,CHEEV,2023-03-17,0.326,6BGf2maOpSS5aznYkv9BfR,
1062,Faded,Junona Boys,2023-03-17,0.427,7iVP7dTyBp7PzFxMdqbrug,
1063,abcdefu,GAYLE,2023-03-17,0.415,4fouWK6XVHhzl78KzQ1UjL,
1064,ily (i love you baby) (Topic Remix) [feat. Emilee],"Surf Mesa, Topic, Emilee",2023-03-17,0.589,4TpXLhpLYQPMHM1A8W9J84,
1065,Фортеця Бахмут,Antytila,2023-03-24,0.595,44FopWyaddRoiuNrD8hlUw,
1066,Чекає вдома (feat. DOVI),"YAKTAK, DOVI",2023-03-24,0.702,5F9CLUvuRyku0ZdT4ljPQt,
1067,Пробач,YAKTAK,2023-03-24,0.134,5pN1b9d11LxVNg24kIvyiE,
1068,Flowers,Miley Cyrus,2023-03-24,0.632,7DSAEUvxU8FajXtRloy8M0,
1069,Там у тополі,"Artem Pivovarov, NK",2023-03-24,0.655,4TP5hCUeQ6QwYzPkTfxG6G,
1070,Додому,Wellboy,2023-03-24,0.219,6gtK39SLszESqJFu2SkId3,
1071,Чути гімн,SKOFKA,2023-03-24,0.422,4Yzlz45QgjUKZmN2KrK4AP,
1072,Щоб не було,DOROFEEVA,2023-03-24,0.381,7krNeHssTmY3ijTox4OBbD,
1073,Біля серця,KOLA,2023-03-24,0.598,20SSuP71R4A88qHQu4BKY6,
1074,вотсап,DOROFEEVA,2023-03-24,0.142,7iGdK8FeeKfWiLR3Ax6phw,
1075,Батьківщина,"SKOFKA, KALUSH",2023-03-24,0.502,33s2G0h9EOdyaKlKr15ngE,
1076,"Ти щаслива будеш - Гай, зелений гай",Dima PROKOPOV,2023-03-24,0.492,2TTuBKeQWoukafWDPufIlq,
1077,High Come Down,Chico & Coolwadda,2023-03-24,0.667,4gc19xZ8SvONdW6ZVHlYSO,
1078,Рандеву,Artem Pivovarov,2023-03-24,0.684,3R02XSW0lDknR5ZVFiTVrc,
1079,Кукла колдуна,Korol i Shut,2023-03-24,0.635,2DYzsMQpO7xOw7b3JwyIWP,
1080,Парова Машина,"TeeKai, Ярина Квасній",2023-03-24,0.381,0YhWCf8ZpfW03yzRuF3nsO,
1081,Маніфест,Artem Pivovarov,2023-03-24,0.422,0pWMr82unREASQGFJrrI5S,
1082,Вечорниці - Добрий день Everybody,"100лиця, SKYLERR",2023-03-24,0.336,64Qnw6jO2dnkjV9una5peq,
1083,Гарно так,CHEEV,2023-03-24,0.798,3yRDM5tBS7H8HG64y3x9kw,
1084,Shot a friend,Holy Molly,2023-03-24,0.463,27yUNsQo2CPPokNw69M23X,
1085,Вишнi,Wellboy,2023-03-24,0.635,1xHs6PLjlvqihewyitoP3A,
1086,Повільно,Adam,2023-03-24,0.481,0NYvacFqoJdJggiOynzbur,
1087,Heavy Metal Love,twocolors,2023-03-24,0.457,07VcTAooOBP8hIluuUS5xr,
1088,Зай - Shnaps Remix,"Анна Трінчер, Shnaps",2023-03-24,0.678,04M7w39gAe2CUkf9AXJKCZ,
1089,Два вікна,The Hardkiss,2023-03-24,0.219,3gwHKlGINfCgBwBeEJ101L,
1090,Троянди,100лиця,2023-03-24,0.306,3pube0HS3OSWDVIpQfU0Q0,
1091,Відьма,Vsivdoma,2023-03-24,0.667,2oU2e0WRQAoBnCnNvcsu0x,
1092,Voin,"YARMAK, TARABAROVA",2023-03-24,0.358,6mxPj26zVw51cqeRxxNOed,
1093,Hypnotized,"Purple Disco Machine, Sophie and the Giants",2023-03-24,0.707,7HxWZggiHyGWT9ZSmWzcxu,
1094,Невідомий Герой,PTASHKIN,2023-03-24,0.562,0fDfRB7OwD9HU6eXiqY7fY,
1095,Пишу тобі листа - Rap Edition,"Ivan NAVI, ХАС",2023-03-24,0.422,48xn7zMEnr2goU2WX0Njn3,
1096,Листопадом,Gio Pika,2023-03-24,0.526,4RARkHhFbZFR7A2C5ySla2,
1097,Незламна,ЛЮСЯ КАВА,2023-03-24,0.276,3uFBrdXhDkmuN6xxUgS9rs,
1098,Гуляли,KOZAK SIROMAHA,2023-03-24,0.675,6xnczQ0seXKiu4sPnYEyui,
1099,Хай нам брате пощастить,YARMAK,2023-03-24,0.551,3xsJI27A38XFbE3CsUGwXi,
1100,Fool Me Once,Olivia Addams,2023-03-24,0.609,2ceMvjyfDeGVFmscZY438U,
1101,"Мова вітру - З м/ф ""Мавка. Лісова пісня""","Artem Pivovarov, Khrystyna Soloviy",2023-03-24,0.214,7n1uVnlAdVdp6w7NNQr7oD,
1102,Бахмут,Spiv Brativ,2023-03-24,0.524,1w8Dgp27eGiKu51jZHFSsZ,
1103,Not About Us - Byjoelmichael Remix,"Alis Shuka, Byjoelmichael",2023-03-24,0.348,4iwY29UTTw5N9ZGtMsAqCF,
1104,Враже (енджі крейда cover),Damidas,2023-03-24,0.12,0ekzVQWGaD6oHBINV8JY5h,
1105,По барам,ANNA ASTI,2023-03-24,0.428,4zOLAk87gHl97sbqmntbJG,
1106,Кружит,MONATIK,2023-03-24,0.694,2MvXw1lGFDRasfQviQptIh,
1107,Чорне і біле,ZOZULYA,2023-03-24,0.139,7inT18SoRHT6PEE0F9J8Xs,
1108,MMM,Minelli,2023-03-24,0.661,2wtjKTnfYimgKi9cPxPBPV,
1109,Не забудем і не пробачим,SKOFKA,2023-03-24,0.543,6KvQKU21c1ZGEoOajKfim0,
1110,Stefania (Kalush Orchestra),"KALUSH, Kalush Orchestra",2023-03-24,0.155,15JdrESbhLychHaiQ5Grfg,
1111,Враже (енджі крейда cover),Damidas,2023-03-24,0.12,0ekzVQWGaD6oHBINV8JY5h,
